group,horizon_days,n,positive_rate,negative_rate,mean_return,median_return,avg_winner,avg_loser,median_winner,median_loser,bottom_10pct,bottom_5pct,worst_return,median_mae,median_mfe,mean_mae,mean_mfe,universe_label,bucket
A,1,6598,0.520763867838739,0.479236132161261,3.2022223019761146e-05,0.000418895921588,0.006311211689183737,-0.006791284230408267,0.0043370342672043,-0.004474185095543801,-0.01075447518965359,-0.015642207015461106,-0.0899057459395387,-0.00464209373402645,0.00433059463671255,-0.006849699076557346,0.006197318622805882,SPY,spy
A,3,6598,0.5615337981206426,0.43846620187935736,0.0008849064694857923,0.0019140088783901501,0.012052541918484119,-0.01341723294929706,0.0089090340725772,-0.0095551636951652,-0.01996382536712403,-0.028050723578880308,-0.1510670123942203,-0.00836076911427675,0.00896086332720175,-0.012893493737442762,0.012046161235016326,SPY,spy
A,5,6598,0.5716883904213398,0.4283116095786602,0.0017232512631848251,0.00305048281678895,0.015870133905835193,-0.017159282823183606,0.01242043246928185,-0.0122489049138472,-0.025079262804937878,-0.03582586204041184,-0.1963494932088139,-0.010857901162369451,0.01217134818532115,-0.0169003060387512,0.0159585884638545,SPY,spy
A,10,6598,0.6074568050924523,0.39254319490754774,0.003813321436390316,0.00635875298253745,0.021730908421691654,-0.023913971473682176,0.01718057940585955,-0.01716999101409465,-0.031931300575162136,-0.046500627182506325,-0.257176424854173,-0.0153812133722624,0.0184709483578805,-0.02383733516843122,0.023066515659965797,SPY,spy
A,20,6598,0.6395877538648075,0.36041224613519246,0.008003113608475729,0.0131552442272836,0.03197167727553399,-0.034531511570239946,0.02682853047101145,-0.02541288070221875,-0.04423137135136364,-0.06375401143731346,-0.2694309070785846,-0.0216825502070714,0.02828240422589995,-0.03323059327791598,0.03350184471163883,SPY,spy
B,1,748,0.5093582887700535,0.49064171122994654,-0.00017122231167419715,0.0002121804973601,0.005920037456917942,-0.006494846213128164,0.0043128964058851,-0.0045349187945435,-0.01072786830826585,-0.0147165313041723,-0.030791374808704,-0.00538535568475225,0.0044667370911264,-0.00713979120565981,0.006208677324145699,SPY,spy
B,3,748,0.5347593582887701,0.46524064171123,9.827660109569899e-05,0.00103777838771345,0.011224021080899588,-0.012689935444655897,0.0090317482264754,-0.008632302521279351,-0.01998272478732449,-0.026770562895428823,-0.0986240846412146,-0.009438478799474199,0.0094525945819483,-0.013288523919960448,0.011710791960939677,SPY,spy
B,5,748,0.5628342245989305,0.43716577540106955,0.0012455371494830912,0.0031898665730980998,0.014672275414189565,-0.016040875111805672,0.0117000262954054,-0.0123827702702289,-0.023476217478253538,-0.03503689405480802,-0.1037891268534914,-0.01268300996708565,0.01280615620459365,-0.017209391867881955,0.01568669456847872,SPY,spy
B,10,748,0.5962566844919787,0.4037433155080214,0.0019891233015604166,0.00605612705734355,0.019470701535951915,-0.023828041905521073,0.01701800831570395,-0.0170557776436285,-0.03043592437125738,-0.04846999312822396,-0.1647936368541128,-0.0176053219573967,0.02040076557768005,-0.02459629113043532,0.022744172982879132,SPY,spy
B,20,748,0.6497326203208557,0.3502673796791444,0.008336858481667452,0.014370636786690101,0.03152906520141106,-0.03468379978472719,0.02877249988139335,-0.0264746383338136,-0.04608405456765761,-0.07182807322322282,-0.1570958576338292,-0.023216585884164448,0.03227126838108735,-0.03355137724686973,0.03495859587607795,SPY,spy
C,1,5057,0.5202689341506822,0.4797310658493178,-6.51870004393771e-05,0.0003341687550217,0.004985416308898036,-0.0055425725350093415,0.0037551262412593,-0.0037989667173823,-0.00896789686258,-0.01283828787776038,-0.062657251845605,-0.0040019949446243,0.0037281348887661,-0.005638758176964755,0.0049427149450282405,SPY,spy
C,3,5057,0.5681233933161953,0.4318766066838046,0.0008187021859276947,0.0018585555817347,0.00977063313988143,-0.010957349842785251,0.0078638432811646,-0.008014934911150899,-0.0160775075106857,-0.02359174681509906,-0.1028037383180552,-0.0072131147541503,0.0079652771152605,-0.010520948446528983,0.009818218490597002,SPY,spy
C,5,5057,0.5825588293454618,0.4174411706545383,0.001749198560301041,0.0029846602349563,0.01320281803609711,-0.014234867273756382,0.01108735616863785,-0.0102476515798739,-0.0209481804422797,-0.029882217892716795,-0.130237825594639,-0.0093085106370242,0.0108260997843034,-0.013842832907938547,0.013196180473612734,SPY,spy
C,10,5057,0.6207237492584536,0.37927625074154636,0.004264498103110324,0.0063354147023619,0.01872341522352182,-0.019398974702401497,0.0157194409792964,-0.01443171939084625,-0.02617350847554618,-0.0383449132324098,-0.160610139075361,-0.0132126606344069,0.0165555472315266,-0.019547636143572085,0.01960944847724449,SPY,spy
C,20,5057,0.6640300573462528,0.3359699426537473,0.009476605661081248,0.0135389626918098,0.028201960299898212,-0.027533247709811852,0.02488609507337395,-0.0217018771575896,-0.03533460821104144,-0.05183188566193002,-0.1570958576338292,-0.0185598329142436,0.0260586319218241,-0.02696543242017927,0.02953406609065191,SPY,spy
D,1,584,0.5188356164383562,0.4811643835616438,-0.00012388325136037878,0.0002752620706646,0.005018264112446023,-0.005668618665002157,0.0038747195909121,-0.0040568242851042,-0.00905817646219396,-0.012846597917687965,-0.027223913549672,-0.0046419985967107,0.00418226540111075,-0.006252953226632956,0.005448369609426963,SPY,spy
D,3,584,0.5496575342465754,0.4503424657534247,0.00028869822482030614,0.00128598867186585,0.00942987548135025,-0.01086840405406225,0.0082568807346001,-0.0073363431144992,-0.017281261144517078,-0.02458508507685843,-0.0955943474653708,-0.008332293890129999,0.0086601340458755,-0.011511982008645914,0.010201832252776828,SPY,spy
D,5,584,0.5667808219178082,0.4332191780821918,0.0010104748008841395,0.00280946745560225,0.012561838782738605,-0.01410217926233257,0.0100732600728765,-0.0107174808498895,-0.02001149655277052,-0.028844905788080764,-0.1037891268534914,-0.011439116345841799,0.01196647641936405,-0.015237837610840608,0.013701629576776456,SPY,spy
D,10,584,0.5993150684931506,0.4006849315068493,0.0019732562044682536,0.0057258027541858,0.017576428647500135,-0.021364822235964042,0.01586015545912975,-0.0165537692881863,-0.0277376080424234,-0.038930638540570606,-0.160610139075361,-0.01570144445282575,0.01845300911478035,-0.02249818425068255,0.01997020056906796,SPY,spy
D,20,584,0.6575342465753424,0.3424657534246575,0.008263219870427831,0.0132167639297259,0.028706225098153754,-0.030987350166805934,0.02668668247859125,-0.023974604683192652,-0.03723647716850889,-0.060465102391578776,-0.1570958576338292,-0.021787049158467603,0.029022989215596602,-0.030913679494370693,0.0313512682668216,SPY,spy
A,1,5508,0.5217864923747276,0.4782135076252723,-0.0001691947282595466,0.00058760707702875,0.009321978487777126,-0.010525167326167442,0.006092314589796,-0.00659564522565065,-0.016462364745144727,-0.02463421078518078,-0.0953442988562069,-0.0063838726266685995,0.00607051625747485,-0.01044837072411331,0.009297280529875492,QQQ,non_spy_etf
A,3,5508,0.5537400145243282,0.44625998547567175,0.0007724749264010674,0.00246077421079965,0.017698812440669454,-0.020230506936299738,0.0125030990028359,-0.014236213671264951,-0.029069373063386708,-0.043222953893244286,-0.176603155091111,-0.012094639534836499,0.012597785846846649,-0.019520102743727438,0.017922717886453957,QQQ,non_spy_etf
A,5,5508,0.559368191721133,0.4406318082788671,0.0016977946529694518,0.0039583174922268,0.0235177276454514,-0.026001922508067578,0.0173768150442363,-0.0174693562391327,-0.03816157596935465,-0.055945014079839164,-0.2529739776951768,-0.016003237502678548,0.01695858166835535,-0.025550597219415046,0.023763872314763845,QQQ,non_spy_etf
A,10,5508,0.5902323892519971,0.4097676107480029,0.003998245070784425,0.00814164006973745,0.03267083402120859,-0.03730197055962274,0.0252987404453159,-0.0256463288524924,-0.05161470990826598,-0.07786486709101577,-0.2543599257878195,-0.022795644558409302,0.025947243488899048,-0.03595078038075627,0.03455328494529185,QQQ,non_spy_etf
A,20,5508,0.620551924473493,0.3794480755265069,0.008668443532768475,0.01586148483419355,0.04737719790978988,-0.05463611266850384,0.03898235424578175,-0.03762646017450405,-0.0715336195277906,-0.11046709620741543,-0.3123015873011272,-0.0311739629269955,0.0401169318350302,-0.0498310707084408,0.050394364810597767,QQQ,non_spy_etf
B,1,1292,0.5286377708978328,0.4713622291021672,-6.551425167888481e-05,0.00065080505758435,0.008634442085793717,-0.009822608140831244,0.0056428859350976,-0.0062190175759965,-0.01590575632666234,-0.022888097378917515,-0.0953442988562069,-0.00658214665122535,0.00552312853585055,-0.01014416027249185,0.008526120134012159,QQQ,non_spy_etf
B,3,1292,0.5595975232198143,0.44040247678018574,0.0009624019368556682,0.00269180358354855,0.016353197210212514,-0.01859391613456261,0.0117624917663008,-0.0126353790604488,-0.0270476545640696,-0.04014721409378121,-0.1293478260865714,-0.0113272012004133,0.0123722984763896,-0.01828213850142924,0.01688366933339792,QQQ,non_spy_etf
B,5,1292,0.5712074303405573,0.42879256965944273,0.00201741968837346,0.0041343510426897,0.021358041379844515,-0.023746801987268487,0.0158810276062442,-0.0160133161708162,-0.03441429684549922,-0.05279594520202744,-0.1354560172694968,-0.015746771460796248,0.0166010280018392,-0.0239212314533145,0.02268299910683605,QQQ,non_spy_etf
B,10,1292,0.6246130030959752,0.3753869969040248,0.005090951517643383,0.0101131536559805,0.029954571810207123,-0.03628006204132351,0.0232474750491915,-0.0265486725651395,-0.04974970056903667,-0.07490853485531687,-0.1784386617097095,-0.02259457025562325,0.0265300497420537,-0.03483346157240407,0.034163164018925204,QQQ,non_spy_etf
B,20,1292,0.6277089783281734,0.37229102167182665,0.009782408938758902,0.01665575092790645,0.0481182394709695,-0.054854511147774974,0.0402285320534907,-0.0358460727484568,-0.06985740668666314,-0.1052131543512498,-0.294423791821902,-0.0335776932128109,0.042336855384500355,-0.04916888131365127,0.05220944756738463,QQQ,non_spy_etf
C,1,4037,0.5286103542234333,0.4713896457765668,-0.000157111107578702,0.0006657789617998,0.006918075251444589,-0.00809113511711927,0.0051544413202957995,-0.0051171253131684,-0.012468447202042699,-0.01809167090467604,-0.0807323666753369,-0.0051359516621279,0.0049591598604568,-0.00805817198134453,0.006879967105921572,QQQ,non_spy_etf
C,3,4037,0.5670052018825861,0.4329947981174139,0.0010262327697258121,0.0024613220820466,0.013725357918787899,-0.015603228023296565,0.0107299716463837,-0.01106092796368775,-0.022650633806664298,-0.03192044595873959,-0.176603155091111,-0.0098333788585787,0.0107202602232583,-0.015033700147135051,0.01369750905742775,QQQ,non_spy_etf
C,5,4037,0.5756750061927174,0.4243249938072826,0.0022268817642174875,0.0042473666330957,0.018695618347150538,-0.020115992619166287,0.01504353494536255,-0.0147146380882118,-0.028630517766774177,-0.04066321063551126,-0.2529739776951768,-0.0130680130678367,0.0145132029843098,-0.019695226370514848,0.018475569640820255,QQQ,non_spy_etf
C,10,4037,0.6103542234332425,0.3896457765667575,0.0053754146298029245,0.0083512288239138,0.02682675717245778,-0.028226688374076013,0.021890647870996552,-0.0203695358269068,-0.03747563121814482,-0.05599553870685786,-0.2543599257878195,-0.0184842048175202,0.0221537388065675,-0.027867640478083437,0.02771975102915567,QQQ,non_spy_etf
C,20,4037,0.6480059450086698,0.3519940549913302,0.011572021904479883,0.0164742991189117,0.039986681720312056,-0.040738147045707974,0.034551003632410995,-0.0302417746077465,-0.053214593185149116,-0.07428149102796412,-0.2817796610170002,-0.0255984042577399,0.0354852501064992,-0.03860004994964467,0.0418706349347243,QQQ,non_spy_etf
D,1,1013,0.5320829220138203,0.46791707798617965,-0.0003308645794176862,0.0006257822273818,0.007053200511312632,-0.008727512435754483,0.0051496620519306,-0.0052568507259705,-0.012972279856645499,-0.02101948471569312,-0.0782508630603838,-0.0056218057921512,0.0048437878423723,-0.008761426564114385,0.006967675376628329,QQQ,non_spy_etf
D,3,1013,0.5715695952615992,0.42843040473840077,0.0008439617006896237,0.0026994756785181,0.013394789367678659,-0.0159001148412151,0.0105448154667506,-0.0100234181452587,-0.022792945699285718,-0.03418836254335194,-0.1293478260865714,-0.0100491768222248,0.0106213489109905,-0.015680609762530346,0.014087956965364808,QQQ,non_spy_etf
D,5,1013,0.581441263573544,0.4185587364264561,0.0015028539394767993,0.0041473125411486,0.017758088710771634,-0.021078120778194563,0.0139722737689576,-0.014199380538249151,-0.02841748335133974,-0.04507635986032512,-0.1354560172694968,-0.0132657042522386,0.0147783251230995,-0.020784341141329554,0.019170851291783447,QQQ,non_spy_etf
D,10,1013,0.6248766041461007,0.3751233958538993,0.003944573105510238,0.0088442512359789,0.025906121976373514,-0.032638743829375164,0.0201648643854193,-0.022389046034283898,-0.04673764637929538,-0.06396661975619414,-0.1529462738295159,-0.0198747289814739,0.0234033882514164,-0.0312694884943621,0.029157678586503335,QQQ,non_spy_etf
D,20,1013,0.6159921026653504,0.3840078973346496,0.008466174835837857,0.0142159040435403,0.04360521605904517,-0.04790082188210909,0.03621831358455145,-0.0321552713073289,-0.06300656170602778,-0.08909023463065852,-0.2817796610170002,-0.0305700908841681,0.0365853658533292,-0.04537965037632498,0.045825525669663615,QQQ,non_spy_etf
A,1,5261,0.5120699486789584,0.4879300513210416,-0.00014764666827535931,0.0003422079256905,0.008848927542155056,-0.009589318239330888,0.006684652276909,-0.0070866141731085,-0.0151674741944686,-0.0210492671566193,-0.1017070979333537,-0.0068546223997483,0.0060756697057664,-0.009471256529504543,0.00829546580932565,IWM,non_spy_etf
A,3,5261,0.5350693784451626,0.4649306215548375,0.0007196547061130851,0.0017600469336234,0.016904167039345542,-0.01790642960216548,0.0130746520464051,-0.012841725296357399,-0.0271233591229952,-0.0369415807554275,-0.1696013289035736,-0.0125988356934185,0.0122730500043548,-0.017573726579309223,0.0162481488847723,IWM,non_spy_etf
A,5,5261,0.5470442881581449,0.4529557118418552,0.0015961109512984126,0.0031975985386547,0.022316504450604336,-0.02342835085776682,0.017620193684857947,-0.0173730901931232,-0.0345316325210117,-0.0477061981454579,-0.2307920718575327,-0.0163844893494836,0.0163727959695221,-0.022968571998110504,0.021665435961005196,IWM,non_spy_etf
A,10,5261,0.5700437179243489,0.429956282075651,0.003712318466922795,0.0061621246320291,0.030666338887335817,-0.03202380321336839,0.0254204145479133,-0.0221505067746261,-0.0441697678541024,-0.0628335032078742,-0.3283391561410468,-0.0228476320169154,0.0249951181409471,-0.032396440147621726,0.03147986306400221,IWM,non_spy_etf
A,20,5261,0.6065386808591523,0.39346131914084775,0.007999868543900184,0.0134281223961394,0.04406704172325251,-0.047599334168811534,0.0373091680939323,-0.034562545641247305,-0.0613017462447168,-0.0892268694532826,-0.4045860631331704,-0.0315505132356976,0.0378142076490035,-0.045115553554658176,0.04593903000054948,IWM,non_spy_etf
B,1,1125,0.4888888888888889,0.5111111111111111,-0.0006133520414563127,-0.0001297858527159,0.007782047699357032,-0.008643734402234295,0.0063304947951643,-0.0063915142451771,-0.0149962217393271,-0.018740610301963778,-0.060773480664251,-0.0066248256620088,0.0053724053722448,-0.009024884539058415,0.007214146111534891,IWM,non_spy_etf
B,3,1125,0.5244444444444445,0.47555555555555556,0.0005604378494390327,0.0011637748629078,0.015235106803349711,-0.015622841931509191,0.011509141612128501,-0.0114462490334266,-0.02466342261808054,-0.034726652516557675,-0.1049317247776485,-0.0123685317634881,0.0114726027391587,-0.016362356828135135,0.014780032424365326,IWM,non_spy_etf
B,5,1125,0.5368888888888889,0.4631111111111111,0.002350545964146804,0.002815994850412,0.020689297315268477,-0.01890973391316124,0.0166479669012751,-0.0144886092841951,-0.029592317294319978,-0.04260794975149468,-0.1049317247776485,-0.0161486898232955,0.0154798761607968,-0.020835937562265833,0.020047243197543235,IWM,non_spy_etf
B,10,1125,0.6026666666666667,0.3973333333333333,0.006674014309477089,0.0078491727582707,0.02828893867232063,-0.026111038750943318,0.022980316642851648,-0.020520271059783,-0.035759475236886516,-0.05090872123565062,-0.1473829201109133,-0.021143152722029,0.0239722533917008,-0.028577688785019182,0.030154940229675256,IWM,non_spy_etf
B,20,1125,0.6284444444444445,0.37155555555555553,0.012912078313251474,0.0159945699204502,0.04367430368740621,-0.03911876699662268,0.0384344163409311,-0.0299731573930334,-0.04992423940251964,-0.07005130981207072,-0.2142857142859257,-0.0287557620602749,0.0397094430991546,-0.03932185754795392,0.046625368137699325,IWM,non_spy_etf
C,1,3817,0.5187319884726225,0.4812680115273775,-0.00015310483056562917,0.0003992547250779,0.007022131662669352,-0.007886892667585368,0.0056959708206304,-0.0057906990626421,-0.012788099911172841,-0.01763098421179132,-0.041819723085721,-0.0059117402169885,0.005458707519194,-0.007867280151613925,0.006754778105397967,IWM,non_spy_etf
C,3,3817,0.5386429132826828,0.4613570867173173,0.000748105739746996,0.0017498541789937,0.014031766370143497,-0.01476081320181757,0.0117096868538263,-0.0110977804433524,-0.02326792587153728,-0.03123326486666364,-0.1241601719966226,-0.0111374840241071,0.0108401084005207,-0.014516307866062029,0.01331486262156831,IWM,non_spy_etf
C,5,3817,0.5509562483625884,0.44904375163741156,0.0018336122641413259,0.0035191552062898,0.019145075875284447,-0.01940676578383649,0.016383935043913,-0.0152190684816047,-0.02887216017161742,-0.0394538732819024,-0.174860618347615,-0.0142122028899018,0.0145745798333523,-0.018982941486732696,0.017959854718559272,IWM,non_spy_etf
C,10,3817,0.5763688760806917,0.42363112391930835,0.004335269835434188,0.006162110917578,0.02705030854784132,-0.026569544739269393,0.02290965031548895,-0.0197450053602681,-0.03719270966675386,-0.052791002760821805,-0.3283391561410468,-0.0198817379390555,0.0222109189555832,-0.026892314186478156,0.02653518494613995,IWM,non_spy_etf
C,20,3817,0.6230023578726749,0.3769976421273251,0.009072280260281135,0.013872441211099,0.038601507656481876,-0.03972584534650508,0.0332077256791013,-0.0304004113380553,-0.0506163606828951,-0.07030623839840391,-0.4045860631331704,-0.0280898876390311,0.034361542792237,-0.0375019252611742,0.03953153719350852,IWM,non_spy_etf
D,1,861,0.4912891986062718,0.5087108013937283,-0.0005180463029280101,0.0,0.00664764053912967,-0.007438332910668647,0.0052631578939192,-0.0054701613224714,-0.0122970978840364,-0.0166536269141841,-0.0365322868352063,-0.0058343789211374,0.0049461934357215,-0.00791083260883514,0.006284828458759086,IWM,non_spy_etf
D,3,861,0.5249709639953543,0.47502903600464574,0.000518745710712245,0.0011637748629078,0.013425818710461649,-0.013745305623974137,0.01040123580918915,-0.0101253616197108,-0.0204540080387597,-0.0293466223704617,-0.1049317247776485,-0.0111097546085611,0.0101589763471503,-0.014423202242229174,0.012688271791958822,IWM,non_spy_etf
D,5,861,0.5238095238095238,0.47619047619047616,0.0015660167891444986,0.0019870839543483,0.018539766485898754,-0.01710510787728518,0.0158200853042873,-0.01313393554652965,-0.0267910005912924,-0.0388074291296851,-0.1049317247776485,-0.0146017699106136,0.013394171327669,-0.018708164859118595,0.01711007789948957,IWM,non_spy_etf
D,10,861,0.5807200929152149,0.41927990708478513,0.004672648494742076,0.0053903166808857,0.025202677917679276,-0.023762295304339907,0.021504868582549,-0.0185277294207082,-0.0342697989827898,-0.0482024826692059,-0.1341681574242619,-0.0196460707858713,0.0202361953396108,-0.026514681440726395,0.025738554262485624,IWM,non_spy_etf
D,20,861,0.6144018583042973,0.38559814169570267,0.009750003293165657,0.0120843682357087,0.03946037834609516,-0.03758972081225514,0.0347072200122968,-0.0274228145979696,-0.0479744136445511,-0.0695719643086613,-0.2142857142859257,-0.0276989247317331,0.0351308797479736,-0.03763462788990252,0.0404078335484632,IWM,non_spy_etf
A,1,5549,0.49648585330690215,0.5035141466930979,-5.096579293478114e-05,0.0,0.009075305971702101,-0.009049848653197707,0.0065130260547172,-0.0064177016191147,-0.014443315392502178,-0.020526920791959138,-0.0896503980662121,-0.006376195530873,0.0060065878709478,-0.009086351510417003,0.008424294201928246,XLB,non_spy_etf
A,3,5549,0.528383492521175,0.471616507478825,0.0008028171167536706,0.0015009380834691,0.01761005673463293,-0.018027456692807656,0.013284856402308101,-0.0131215469667574,-0.027529290121439662,-0.03910614525271318,-0.1777999335398283,-0.0120753089992216,0.0123279816494337,-0.01739507845504651,0.016833228430395156,XLB,non_spy_etf
A,5,5549,0.547486033519553,0.45251396648044695,0.0016570064067586432,0.0028495827425396,0.02275590474651801,-0.023870055782086022,0.0168788651298903,-0.0169981916827488,-0.036247302922496435,-0.05103137362528654,-0.1881188118826197,-0.0155462184961443,0.0165711947647253,-0.02289607072154329,0.022548170239638236,XLB,non_spy_etf
A,10,5549,0.5694719769327807,0.4305280230672193,0.0037494523302206346,0.0062998739978381,0.03205172979452775,-0.0336867958017218,0.02517836952297765,-0.0234356391309734,-0.04805997200676006,-0.06973849917059055,-0.2691924227296718,-0.021944641171143,0.0255979857312871,-0.032618411928970956,0.033017546336302245,XLB,non_spy_etf
A,20,5549,0.5961434492701387,0.40385655072986126,0.007853766134683709,0.0114241987387746,0.044553150013620146,-0.04631917535193911,0.03539759601338275,-0.0332294911733165,-0.06247938144791318,-0.09717802954497257,-0.3605582838000917,-0.0310909090906048,0.0389216047112395,-0.04591563044348765,0.04783228228959188,XLB,non_spy_etf
B,1,1148,0.48606271777003485,0.5139372822299652,-0.000473332926447553,0.0,0.008386221157414856,-0.008852368822710644,0.0064123460026815505,-0.00667408231314925,-0.01383808325943554,-0.01937310018821751,-0.0503078276168739,-0.0068459056554848,0.0057259714774510004,-0.009105570387417121,0.007740799251645727,XLB,non_spy_etf
B,3,1148,0.5052264808362369,0.49477351916376305,-0.0005403332377805647,0.00041444848369525,0.01606341089852556,-0.017494860700910057,0.0115121508276173,-0.012789357256041349,-0.027625914510447828,-0.039058700293921736,-0.1106870229024316,-0.013105404609497051,0.01145435836783275,-0.017295931148627975,0.015606002011963003,XLB,non_spy_etf
B,5,1148,0.5052264808362369,0.49477351916376305,-0.00018103285114358546,0.0005161620684861,0.021249313183973596,-0.02206413267573507,0.0158918148646457,-0.0160800213448682,-0.03455767468348861,-0.04853162592654002,-0.1053254437812579,-0.0165386720436402,0.01575411382901825,-0.022602182407415284,0.02078905617216779,XLB,non_spy_etf
B,10,1148,0.5270034843205574,0.4729965156794425,0.0010111575492645043,0.00254756596628985,0.029726741052332098,-0.030983185027818175,0.0236034618416396,-0.0231408672203218,-0.04697652915060558,-0.06762103609877423,-0.201556224896953,-0.023970241082693397,0.023275731573446798,-0.03215782028882814,0.030400037300205542,XLB,non_spy_etf
B,20,1148,0.5679442508710801,0.43205574912891986,0.0044061923397507,0.0074029467629459,0.04042308712488892,-0.04293859677297132,0.03303010774489655,-0.03462794080199075,-0.062208012274502685,-0.09121496238090825,-0.1967871485923477,-0.0326040938021182,0.0358026543025228,-0.045257757817375614,0.04462645827873197,XLB,non_spy_etf
C,1,4078,0.4965669445806768,0.5034330554193231,-0.00029238719509148265,0.0,0.007249621873311491,-0.007731533986867431,0.0056944444439981,-0.0055856743872235,-0.012535825893178988,-0.018009656410361032,-0.0503078276168739,-0.00548281525551445,0.00521775606715295,-0.007554982441677075,0.006843527467621314,XLB,non_spy_etf
C,3,4078,0.5255026974006866,0.4744973025993134,0.00020760450123042095,0.00114607801931285,0.014143043446274907,-0.015225804108190938,0.0112969802314668,-0.0115560333216653,-0.02336431469641202,-0.03293227604699299,-0.1197387518142386,-0.01056438719290055,0.01073224892448725,-0.01456419408808552,0.013639074587425718,XLB,non_spy_etf
C,5,4078,0.5424227562530652,0.45757724374693476,0.0008392813904996718,0.00223833821690705,0.018745690682035025,-0.020387394575671926,0.0149109384590868,-0.014617707154114649,-0.032029659216855286,-0.04440994875871232,-0.1535391165512512,-0.01376657385111675,0.014491650272926801,-0.019343985090567294,0.018413797864197463,XLB,non_spy_etf
C,10,4078,0.5622854340362923,0.4377145659637077,0.002555173012983212,0.00516508440137505,0.027141611917159456,-0.029028414890252714,0.0220349967632471,-0.0212044105128623,-0.04348107901950934,-0.06237813415255586,-0.2536284470232033,-0.01958247868540965,0.02208097324473655,-0.02792780111092551,0.027274365991015254,XLB,non_spy_etf
C,20,4078,0.5929377145659637,0.4070622854340363,0.0061026279339478455,0.0097659552200561,0.03784672433985571,-0.040136664300681794,0.030965305349881102,-0.028500082322052853,-0.05497032470670469,-0.08259180483616568,-0.3415185507226503,-0.0279810595558484,0.0336481604860835,-0.039587127614137047,0.04028296165510484,XLB,non_spy_etf
D,1,831,0.48736462093862815,0.5126353790613718,-0.0005126116850171489,0.0,0.00723305567462968,-0.007876450372005331,0.0055772448407294,-0.00602757823545815,-0.0126195028613174,-0.0162916781089021,-0.0503078276168739,-0.0059245960515099,0.0050117462793948,-0.007928537529874793,0.006710211159156549,XLB,non_spy_etf
D,3,831,0.4993983152827918,0.5006016847172082,-0.0009975596072080558,0.0,0.013247351752241041,-0.015208228391273863,0.009808500700384,-0.0112162900015449,-0.0238095238107545,-0.03307372368651995,-0.088314758526794,-0.0119672131148111,0.0097377304589347,-0.015224104749939522,0.013073467886232903,XLB,non_spy_etf
D,5,831,0.49338146811071,0.50661853188929,-0.0015085763646456518,-0.0003279763874798,0.017637970225799122,-0.02015485689215719,0.0141234983522745,-0.0141955836013146,-0.0323529411755869,-0.04452563887721505,-0.0982127943867309,-0.0151604646606151,0.0135842605377876,-0.020378460093369327,0.01728671768691383,XLB,non_spy_etf
D,10,831,0.5114320096269555,0.48856799037304455,-0.0020803596756271176,0.0011317338131831,0.02446693661251767,-0.029870017120113657,0.0190245589757391,-0.02155936171943395,-0.0447427293075527,-0.06712672769788315,-0.201556224896953,-0.0214410100110206,0.0195169281639515,-0.03017708461020611,0.02484624568422513,XLB,non_spy_etf
D,20,831,0.5391095066185319,0.4608904933814681,-0.002151597317166485,0.0039057640738835,0.032357149108979535,-0.04251691950754094,0.02629825019752595,-0.0338251799789063,-0.062598301353613,-0.09726821909950376,-0.1967871485923477,-0.03130413389542,0.0299678046867628,-0.04418301552226114,0.03564827220595155,XLB,non_spy_etf
A,1,1627,0.5242778119237861,0.4757221880762139,0.00021537060271446392,0.0005818181816283,0.007894816077274703,-0.008247894241988228,0.0060768543344786,-0.0061760876514386,-0.012893613104155497,-0.018436083333320988,-0.0618147888973314,-0.0056866406385925,0.0058346378267579,-0.007975246424515643,0.007660776022895098,XLC,non_spy_etf
A,3,1627,0.5531653349723418,0.4468346650276583,0.0012614504150163931,0.0023441162684703,0.015745971591062537,-0.01666986878504073,0.012566468395375101,-0.0123769338958,-0.02438268653268478,-0.03550782092757667,-0.1181856013309953,-0.0109872861414485,0.0122731329962324,-0.015585409494523807,0.015564141836195346,XLC,non_spy_etf
A,5,1627,0.5679164105716041,0.4320835894283958,0.0022666138827574936,0.0044150787539405,0.020660028067741282,-0.02190908271315292,0.01657057913860735,-0.0161186331399456,-0.030875365155431038,-0.04457606396171879,-0.147315855179997,-0.0145077007694441,0.0170555227405153,-0.020675101270045723,0.02097972318660093,XLC,non_spy_etf
A,10,1627,0.6097111247695144,0.39028887523048555,0.00489536887264206,0.0087631945834087,0.028381947415119894,-0.031795475086630394,0.02363125877524415,-0.0249328157654974,-0.04097974974910708,-0.06345355301790405,-0.2207644038783606,-0.0202244258875402,0.02573899054861,-0.029325687948199237,0.030886725476422253,XLC,non_spy_etf
A,20,1627,0.6459741856177013,0.3540258143822987,0.010572650060198033,0.0176912870415935,0.04162138860217801,-0.04608051696692168,0.0357845162860495,-0.03716294512881145,-0.05847695256859816,-0.08289383269239337,-0.2789115646264825,-0.0285859269275441,0.0405884670963503,-0.04094570050211748,0.04579870682208752,XLC,non_spy_etf
B,1,304,0.5625,0.4375,0.00037600264055512485,0.0011617503443202499,0.00710637633891674,-0.008277334971624096,0.0057734759728533,-0.0063581250919009,-0.01286495294298587,-0.0160071262056316,-0.0339484679673083,-0.00545831777513385,0.005871488022498201,-0.007472072689826009,0.007166659367557455,XLC,non_spy_etf
B,3,304,0.5493421052631579,0.4506578947368421,0.001729122547136044,0.00217549548759205,0.01529670870070693,-0.014809467873640143,0.012547301334657,-0.0119080208044227,-0.02082715525476717,-0.030622625056544072,-0.068308550185914,-0.01091215875579685,0.0127519462621045,-0.014416812248242542,0.015143186476356187,XLC,non_spy_etf
B,5,304,0.5263157894736842,0.47368421052631576,0.0030049897662877702,0.00272591712069335,0.02124969256871771,-0.017266902236412165,0.01746627356301285,-0.0139538073511492,-0.026269315279015118,-0.036301150049926754,-0.071096654275202,-0.0151660341622449,0.016878427030536852,-0.01918895873958356,0.020585539109491287,XLC,non_spy_etf
B,10,304,0.6151315789473685,0.3848684210526316,0.004892872119423652,0.0059984256381446,0.025958454356333076,-0.02877604991734611,0.0221407417855432,-0.0254035972487133,-0.039070846226097716,-0.05657474816487205,-0.1149712939794507,-0.021625802058302147,0.023968851728390653,-0.02718594021084392,0.030883607103133513,XLC,non_spy_etf
B,20,304,0.7006578947368421,0.2993421052631579,0.013704125302029413,0.017180147678493497,0.03648573910283273,-0.039619871836114616,0.0312489717437092,-0.0310133429486602,-0.051150395348942654,-0.06467022157259446,-0.1457251158220892,-0.0285998360152348,0.039465074386492896,-0.03596487664479396,0.04546901698523231,XLC,non_spy_etf
C,1,1280,0.52109375,0.47890625,1.282935096240975e-06,0.0005282726070258001,0.006488419208140594,-0.0070573139558019376,0.0053050397879277,-0.0055922724955052,-0.010913939585477019,-0.014730022118275446,-0.0383064516125506,-0.0051397371190948,0.0051972998491884494,-0.0068870013239074575,0.00637909644245957,XLC,non_spy_etf
C,3,1280,0.553125,0.446875,0.00091042742370376,0.00215417431692605,0.01336703965824922,-0.014507896810663697,0.0113320917945509,-0.0110688564792832,-0.02080660828688691,-0.02960302092943385,-0.0960342146190799,-0.0097254851844521,0.01074120546176335,-0.013478442471153007,0.013226833240814024,XLC,non_spy_etf
C,5,1280,0.5765625,0.4234375,0.0020299017498873863,0.00406352186939425,0.017618940067946887,-0.019196500978392893,0.01488135306645285,-0.0146733524006786,-0.02734557657040157,-0.039373613769069976,-0.1158014831709752,-0.012828332394423,0.015408126712186901,-0.01786034920072025,0.017954214143903486,XLC,non_spy_etf
C,10,1280,0.6140625,0.3859375,0.004657366618428069,0.008284015566167601,0.02455645743867909,-0.027003939828368094,0.02183933799382695,-0.022094973590897703,-0.0366231085406621,-0.05135431293098534,-0.2207644038783606,-0.0176315290556671,0.02271815842969125,-0.025484698321880262,0.026719119395344916,XLC,non_spy_etf
C,20,1280,0.66328125,0.33671875,0.009301928093141176,0.01756310490767585,0.035528092558649214,-0.042359356434042865,0.033211183685623,-0.03090645094276,-0.050471448791102956,-0.07375072407485304,-0.2789115646264825,-0.02498080654597035,0.03764091734245385,-0.036507318529069285,0.04018504537627031,XLC,non_spy_etf
D,1,249,0.5622489959839357,0.43775100401606426,0.0004746494550692703,0.0011753950627735,0.006812227412184631,-0.0076653589302165155,0.00541079654222235,-0.006025674613359,-0.01154607469634522,-0.0141374083483445,-0.0339484679673083,-0.0051968503938281,0.0053545775108789,-0.00689003620285669,0.006766076604320769,XLC,non_spy_etf
D,3,249,0.5341365461847389,0.46586345381526106,0.0007397404507535498,0.0012422360245598,0.013674804733582563,-0.014090979804559027,0.0112945264978412,-0.01059834222749265,-0.020720586370117658,-0.03013756034601802,-0.068308550185914,-0.0103351955305716,0.0112381321450991,-0.013656783810825157,0.013547702095326018,XLC,non_spy_etf
D,5,249,0.5180722891566265,0.4819277108433735,0.0012965075734492479,0.0012649078432853,0.01868222283473162,-0.0173931363324293,0.016575790621657,-0.0149290613925761,-0.02711666310915686,-0.035261900155695004,-0.071096654275202,-0.0143110061964227,0.0152542372880228,-0.018308924535416094,0.018179207019801483,XLC,non_spy_etf
D,10,249,0.5823293172690763,0.41767068273092367,0.0013494540180817773,0.0041333700738115,0.020957254731186075,-0.025988345053073254,0.0175975516442514,-0.0229770609635937,-0.0388540734583537,-0.05259722027321332,-0.0813197026025914,-0.0201983675996813,0.022174254317492,-0.025986101439081595,0.026682201747057988,XLC,non_spy_etf
D,20,249,0.6626506024096386,0.3373493975903614,0.006787272659169698,0.0126111225963945,0.029072755611056055,-0.03698778313917852,0.0286517065347191,-0.02915359442377135,-0.05175608997638934,-0.06451542331972956,-0.1457251158220892,-0.0289667658094069,0.0349337463430923,-0.03590800803536461,0.03880993202126969,XLC,non_spy_etf
A,1,5549,0.49648585330690215,0.5035141466930979,-0.00023156173315978145,0.0,0.010286164296489262,-0.010602476268479434,0.0074126367759588,-0.00796268134533205,-0.01654405691560466,-0.02298038260173698,-0.1344600938947286,-0.0076426406642668,0.006967213123513,-0.010677792089594625,0.009671978760379025,XLE,non_spy_etf
A,3,5549,0.5208145611821949,0.479185438817805,0.0004966161151906209,0.0012035142610511,0.019979754963174837,-0.02067911584068541,0.0153214966622443,-0.0152027026990458,-0.03168905225382078,-0.04434790826305172,-0.2524229074924835,-0.0141565080599725,0.0142196333745405,-0.020520405263058945,0.019451509651681,XLE,non_spy_etf
A,5,5549,0.5375743377185078,0.4624256622814922,0.0012378049220069123,0.0025974026008308,0.02576178847383054,-0.02727156488901798,0.0197322057684907,-0.0201988953871904,-0.039117548763333516,-0.05574946182992741,-0.3225287356353529,-0.0188254552869671,0.0194624652393031,-0.027010041934282244,0.025978064469601905,XLE,non_spy_etf
A,10,5549,0.5449630564065597,0.45503694359344027,0.0030939835111905233,0.0052927555415127,0.03697835560952746,-0.03748674568697618,0.02999189627466145,-0.027036770009818,-0.052939301327046676,-0.07602890112186483,-0.4718061674047025,-0.0275659039234099,0.0297663342784226,-0.03849271641951307,0.03778223357556463,XLE,non_spy_etf
A,20,5549,0.5620832582447288,0.43791674175527123,0.006893996647407414,0.009401453989964,0.053047150931722645,-0.05234538121793381,0.0438944469261408,-0.0381636552098204,-0.07460304723504327,-0.10433258954943536,-0.5639207128585599,-0.0395417145727398,0.0437902426403513,-0.05398821678770794,0.05488070059517248,XLE,non_spy_etf
B,1,1396,0.5143266475644699,0.48567335243553006,-0.0002721531630025023,0.00057955397277525,0.009531349875813793,-0.010654033962220937,0.0071697423006550996,-0.0084826278725357,-0.0166043454042082,-0.022539395377262527,-0.049580838322245,-0.0077236097126125,0.0065736969366506,-0.010449678273732374,0.008924976105206584,XLE,non_spy_etf
B,3,1396,0.5121776504297995,0.4878223495702006,-1.353760556788447e-05,0.0009292653093765999,0.018983017402973323,-0.01995852561013024,0.0142276422675768,-0.0151011778915248,-0.031913257582387,-0.04229423108575998,-0.1437389770726133,-0.0150661041366603,0.01322644563880075,-0.020128853029954607,0.018293474413168285,XLE,non_spy_etf
B,5,1396,0.5179083094555874,0.4820916905444126,0.00023321160980888656,0.00114202719676265,0.0238367197474987,-0.02512390040140915,0.0187325627897381,-0.0188453484889773,-0.0389322716852547,-0.05398754894923713,-0.176082474231371,-0.0193781485899634,0.01824114242708125,-0.02643942107002445,0.02422130044315584,XLE,non_spy_etf
B,10,1396,0.5207736389684814,0.4792263610315186,0.0016694769455311554,0.00238985676675325,0.03449512869168854,-0.03400204595350684,0.0272499103625458,-0.0256253813298108,-0.0522533989810615,-0.07267035029489408,-0.2152217741927203,-0.027985347351951052,0.0282169431383723,-0.03764256374966829,0.03548891408562808,XLE,non_spy_etf
B,20,1396,0.5630372492836676,0.4369627507163324,0.004685875792924239,0.007706191093492,0.04715289905882962,-0.05003392795625874,0.04028467031530995,-0.0385622127249398,-0.07665966052422074,-0.10653006712465647,-0.2095514112930891,-0.0398373612768199,0.04190694975631975,-0.051897970073197845,0.05244165303743563,XLE,non_spy_etf
C,1,4078,0.5002452182442374,0.49975478175576266,-0.00013257846673050356,0.0001152141503717,0.008707352847161112,-0.00898118488495371,0.006609255052853849,-0.0070149457312085,-0.01450562288406218,-0.01969988556348013,-0.049580838322245,-0.006745236791725499,0.006350859349000201,-0.008974398124107172,0.008302991201615267,XLE,non_spy_etf
C,3,4078,0.5235409514467877,0.47645904855321236,0.0005486232628586029,0.00121189422994515,0.017128619800316866,-0.017669746581440625,0.0136712749583274,-0.0130879345507328,-0.02709248407312643,-0.03808854279405503,-0.2524229074924835,-0.0127427275573407,0.0129492449836989,-0.01719290361924824,0.016649845419715203,XLE,non_spy_etf
C,5,4078,0.5434036292300147,0.45659637076998527,0.0013697561092611246,0.00267396850095385,0.02241366201173908,-0.023674978305288367,0.01802470612262845,-0.0178941162149471,-0.03519283724649629,-0.04876772863135012,-0.2835127717986202,-0.0167514937152082,0.0176289225727048,-0.02267691616763285,0.02238872221278171,XLE,non_spy_etf
C,10,4078,0.5453653751839137,0.4546346248160863,0.0032292239562417726,0.0051005954778615,0.033720811697623365,-0.03334752422975212,0.028331166500496552,-0.0249054258469373,-0.04917077665152759,-0.06825541192958631,-0.4718061674047025,-0.024205057622250947,0.0274194360601811,-0.03265443618990982,0.033139757447620224,XLE,non_spy_etf
C,20,4078,0.5671897989210397,0.4328102010789603,0.0073100527490402535,0.009376189464015701,0.04959770166359369,-0.04810713248572581,0.0422743329379589,-0.0359105899581791,-0.06842151104542255,-0.09395820459808014,-0.5639207128585599,-0.0353664468881772,0.04046875411537795,-0.046720287643233334,0.049349667236943756,XLE,non_spy_etf
D,1,1114,0.5161579892280072,0.4838420107719928,-0.00020889942685351585,0.0005284901840264,0.008709475454394816,-0.009722935710188936,0.0065307057755847,-0.0074074074058695,-0.01502174347914405,-0.020584772773207326,-0.049580838322245,-0.0070387163200781,0.00598889875617095,-0.009493163180348834,0.008072136635079215,XLE,non_spy_etf
D,3,1114,0.5134649910233393,0.4865350089766607,0.00011076011732055163,0.000916083913352,0.017112413170320934,-0.01783194384267247,0.012961740749533601,-0.01364744449697785,-0.028566295003056397,-0.03762622164759002,-0.1437389770726133,-0.01370235429068105,0.0123840766759969,-0.017871676180418097,0.016681834809129534,XLE,non_spy_etf
D,5,1114,0.526032315978456,0.473967684021544,0.00039120643399021096,0.00152424541374945,0.021616427027556825,-0.023165572482354554,0.01732709466145005,-0.016731747812900648,-0.0367318729968618,-0.05029540063614759,-0.1431030772560203,-0.01766566300601275,0.01713169571865665,-0.02328780653515512,0.02225192979359871,XLE,non_spy_etf
D,10,1114,0.5161579892280072,0.4838420107719928,0.0003845637330360572,0.00157234930030955,0.03183558990160381,-0.03316708755996293,0.0259329538319936,-0.024583402080273,-0.05233564594586974,-0.07171871769732995,-0.2152217741927203,-0.024987092146442652,0.026220181608772652,-0.033837559082562724,0.03232162577985251,XLE,non_spy_etf
D,20,1114,0.5619389587073609,0.4380610412926391,0.003109872473808253,0.0068204365109497,0.044816068294517016,-0.050390288558494374,0.0386667012930852,-0.03747558141690725,-0.07844558589092897,-0.1101664035929047,-0.2095514112930891,-0.0361725257695337,0.03900691091731885,-0.04835412830950003,0.047532022254347404,XLE,non_spy_etf
A,1,5549,0.49594521535411784,0.5040547846458822,-0.00013973150116888762,0.0,0.00965000183118992,-0.009771961079521206,0.00617411015990495,-0.0064282844545227,-0.015039698554096637,-0.022363123921234518,-0.1449004975164776,-0.0063015026609952,0.0056689342393085,-0.009742762579383994,0.008977567410652863,XLF,non_spy_etf
A,3,5549,0.5238781762479726,0.4761218237520274,0.0004963993386623186,0.0011820330954031,0.0181558091050045,-0.01893429868963319,0.0119685039354076,-0.01255670821497125,-0.027769476583281317,-0.04105256376276016,-0.2407509663214943,-0.0114025085490725,0.0114942528746593,-0.01873386380138167,0.017924885532374958,XLF,non_spy_etf
A,5,5549,0.5328888087943774,0.4671111912056226,0.0011266764679127884,0.0019779598790212,0.023873014196642204,-0.024822752800548967,0.0165467625883461,-0.016411375230064598,-0.03666086800597064,-0.05347584074383602,-0.3189697870263454,-0.015184381770099,0.0155711106027196,-0.02471149116068497,0.02402988600674938,XLF,non_spy_etf
A,10,5549,0.5559560281131736,0.4440439718868265,0.002574894269005721,0.0043904086436077,0.03206372041871455,-0.034345977756908126,0.0231173380011342,-0.02307523694965355,-0.04869306799041516,-0.07140243105245384,-0.3587301587265029,-0.0219399538167377,0.023718439180012,-0.03538669881409608,0.034720599639505384,XLF,non_spy_etf
A,20,5549,0.5846098396107406,0.4153901603892593,0.005582272572531959,0.0097982708860466,0.044995246532526324,-0.04988657234123017,0.03280677490723065,-0.0319778918286366,-0.0685612194855965,-0.10338348679422951,-0.4016354600414469,-0.0307086614146708,0.0346926354324201,-0.05029317993088176,0.04973216664000311,XLF,non_spy_etf
B,1,1022,0.48336594911937375,0.5166340508806262,-0.00023824863526475322,0.0,0.009995768433121997,-0.009813257028793265,0.00640085447144665,-0.0068714337214771,-0.015660014649822987,-0.022702468777820624,-0.10423991727436,-0.0068993603760494505,0.0056413150465907,-0.010112397639998785,0.008883783243770609,XLF,non_spy_etf
B,3,1022,0.49902152641878667,0.5009784735812133,8.958326457116257e-05,0.0,0.018067228321998186,-0.01781783661685029,0.0113796816190084,-0.01267092551805735,-0.02795644788436899,-0.03992978919902487,-0.1201264489009316,-0.012667394846445149,0.011213604315243701,-0.018727614870025173,0.017695711352458236,XLF,non_spy_etf
B,5,1022,0.49902152641878667,0.5009784735812133,0.00021884867726730802,0.0,0.022972270729289306,-0.02244569281986398,0.01536310796404535,-0.01494248873039615,-0.0393056731137038,-0.05300469314079008,-0.1362957430928015,-0.01673278403983265,0.01528693723986825,-0.02414735088719486,0.023173249333014977,XLF,non_spy_etf
B,10,1022,0.550880626223092,0.449119373776908,0.0018154211729227124,0.00340341476854675,0.029738522942944937,-0.03243448361252939,0.0200000000002658,-0.0234234234211955,-0.05197676799394123,-0.07130650985332904,-0.3587301587265029,-0.02182307083946125,0.0225884333898657,-0.03354896417351495,0.03295789897161853,XLF,non_spy_etf
B,20,1022,0.6037181996086106,0.39628180039138944,0.0070755140140669436,0.0113732474937694,0.04283694878203426,-0.04740548660774994,0.0303938356110686,-0.0308277027046169,-0.06357865220493007,-0.1008440634630548,-0.3546325878577888,-0.028327852486882098,0.03560053588839545,-0.04614829385559088,0.048152753136451114,XLF,non_spy_etf
C,1,4078,0.49264345267287885,0.5073565473271211,-0.00031471309425281984,0.0,0.006977682701111568,-0.007395632936150864,0.0051406108271467,-0.0053156146182008,-0.01190476190842772,-0.017214247260641975,-0.0466072652496252,-0.00534188034303415,0.00491895411211215,-0.007443435812886129,0.0066066620648418195,XLF,non_spy_etf
C,3,4078,0.5252574791564493,0.4747425208435508,0.0002768048449364888,0.00110051594272715,0.01349617300160918,-0.014349169634192076,0.01033485087701285,-0.01023664245377735,-0.022408463980667738,-0.03169505354272641,-0.1510978786740159,-0.009624474304947901,0.00999168053292895,-0.014102913117618356,0.01336028834894398,XLF,non_spy_etf
C,5,4078,0.5367827366356057,0.46321726336439434,0.0009949038986813514,0.0018392271123682,0.01828985087339047,-0.019046726025955106,0.0142772159445949,-0.0135620263241226,-0.02880601946177553,-0.041730110090026425,-0.1812634601562589,-0.01280585477413365,0.013513513513894699,-0.0186470708815863,0.018040877914097128,XLF,non_spy_etf
C,10,4078,0.5659637076998528,0.4340362923001471,0.0029192957982001077,0.0044726739097069,0.02566073362975634,-0.026734511272552313,0.0199066648275344,-0.019492818923904053,-0.038862036141076944,-0.055133235272055325,-0.2860732232603379,-0.0179765589051335,0.020495034401502202,-0.026758380059795184,0.026568687055046947,XLF,non_spy_etf
C,20,4078,0.5985777341834232,0.40142226581657675,0.0068892546724127,0.010294660447072,0.03770513847263321,-0.03906161420745184,0.0292207792234207,-0.0265432098828801,-0.052410773351822454,-0.07961537035284064,-0.4016354600414469,-0.026102731217778202,0.0308348993624518,-0.03810061536668912,0.039457884526314664,XLF,non_spy_etf
D,1,786,0.48091603053435117,0.5190839694656488,-0.0005725094369608152,0.0,0.007593102104628152,-0.008137708365197652,0.005690672014840151,-0.005885091971687149,-0.0132510709695409,-0.01938344536004275,-0.0466072652496252,-0.00600801134792155,0.004906685698150601,-0.008334452159757358,0.006867434047075154,XLF,non_spy_etf
D,3,786,0.49363867684478374,0.5063613231552163,-0.0006954074172777977,0.0,0.01429738897223003,-0.01531150037991357,0.0098944160520524,-0.010814411457308201,-0.02546306206753355,-0.034076693186410795,-0.1141325162748846,-0.0106575781343464,0.0098069270620465,-0.015802286386090457,0.013826403207762862,XLF,non_spy_etf
D,5,786,0.4910941475826972,0.5089058524173028,-0.0009130276765823038,-0.0002050020471353,0.017886614876522544,-0.01905468274032848,0.013294172876775,-0.01222357019254925,-0.0320970879792093,-0.04650198002818742,-0.1362957430928015,-0.0147096290784997,0.013108365083880202,-0.020623745980089904,0.01817592565631129,XLF,non_spy_etf
D,10,786,0.5661577608142494,0.43384223918575066,0.0011620192664456236,0.0038700770969447,0.023635978509745213,-0.02816616801586616,0.0176291793300782,-0.019969278032027,-0.043998312610510654,-0.06337161079937034,-0.1263375906109255,-0.0189327447956871,0.0207874250121815,-0.02861119808790633,0.026304692422012457,XLF,non_spy_etf
D,20,786,0.5979643765903307,0.4020356234096692,0.005539518955693382,0.01019554121445045,0.03628815761639637,-0.04019421576117499,0.029430899198239248,-0.02890528233068295,-0.05755433179282805,-0.08841115026811294,-0.1626740947045029,-0.02468296590080435,0.0316865848084535,-0.03880821756540172,0.039179450088879665,XLF,non_spy_etf
A,1,5549,0.5051360605514507,0.4948639394485493,-0.00011884574736632354,0.0002412545233316,0.007694762099443602,-0.008094644288738581,0.00557955363524,-0.0057225162643926505,-0.012541660040716579,-0.01849118491281714,-0.0915972747938478,-0.0055452865082086,0.0050206733613098,-0.00802388038234573,0.007102979144874863,XLI,non_spy_etf
A,3,5549,0.5330690214453054,0.46693097855469456,0.0006832284889567152,0.0014195903463036,0.015188172404230583,-0.015876255919140582,0.0114154853218151,-0.0108968985746525,-0.02334909819317527,-0.0348363373986179,-0.1419753086410007,-0.0106169296999178,0.0107645597580714,-0.015529897981390386,0.014564346159476714,XLI,non_spy_etf
A,5,5549,0.5552351775094612,0.44476482249053884,0.0014840362482923398,0.0028123339344177,0.019821459648557527,-0.021408022704793975,0.0150435471130132,-0.014803240288762,-0.031101254520259556,-0.04507004113760056,-0.1798941798939559,-0.01355638880727,0.0148026315794449,-0.02049939738716059,0.01957697968780548,XLI,non_spy_etf
A,10,5549,0.5673094251216435,0.43269057487835644,0.003459975292458555,0.0055058499652873,0.02829196821630741,-0.02909775637113003,0.022093507964698403,-0.0188986640583174,-0.040792756463351315,-0.05937510797889012,-0.2773990005880863,-0.0191555903043353,0.0223491432818336,-0.029337083423474807,0.028607092904456635,XLI,non_spy_etf
A,20,5549,0.6031717426563344,0.3968282573436655,0.007478109107942813,0.0103648398163858,0.04029077752047933,-0.0423965508270071,0.0321646831805249,-0.0279845335795156,-0.054091587561813974,-0.08145216555389953,-0.3958494470386956,-0.0278637770892381,0.0337475560993307,-0.041557665406981324,0.04177207810826615,XLI,non_spy_etf
B,1,997,0.485456369107322,0.5145436308926781,-0.00046903885978218253,0.0,0.006802118982029631,-0.007329156589678708,0.00515035838867415,-0.0056206089006874,-0.012220497398767181,-0.016723604935538258,-0.0389030612249194,-0.0059101654847825,0.0045027148718725,-0.007743263352815362,0.00633380871776654,XLI,non_spy_etf
B,3,997,0.5135406218655968,0.4864593781344032,-0.00012833537991357346,0.0004448398565159,0.013788297629031238,-0.014819708783170774,0.01003813169668915,-0.0102040816330049,-0.024097583664799697,-0.0346077073363474,-0.0986648865152124,-0.0107853982307656,0.0099220411041016,-0.014755740519577445,0.013423568997319307,XLI,non_spy_etf
B,5,997,0.5406218655967904,0.4593781344032096,0.000597206356664148,0.0022519539007801,0.017337606427098386,-0.019103832154174397,0.0131056393968218,-0.01472474765919495,-0.02946008806158846,-0.041052967192363454,-0.1017828632246777,-0.0140603566532274,0.013612950700157,-0.01918830850456314,0.01776697032586394,XLI,non_spy_etf
B,10,997,0.5707121364092277,0.4292878635907723,0.003486879290471516,0.0057441253273697,0.024994628394491188,-0.025106366597816312,0.018905472637076,-0.01869320488762405,-0.038561955712511614,-0.05260878573999888,-0.1478296478320147,-0.0192459794352705,0.0208923111766412,-0.027024530334869387,0.0263919538044509,XLI,non_spy_etf
B,20,997,0.6108324974924775,0.3891675025075226,0.008506762993811002,0.0097192224614552,0.03670792634040044,-0.035757434114624474,0.0294613117356239,-0.02787054160955385,-0.04808561829386874,-0.06797622109580932,-0.2017306652256483,-0.0280232808800615,0.031835205991787,-0.038145363165884655,0.039946802273842924,XLI,non_spy_etf
C,1,4078,0.5083374203040706,0.49166257969592936,-0.00013933393233418346,0.00026863671244935,0.0060365745241254196,-0.006524699633202392,0.0047904191620362,-0.0047954866025429,-0.010333333331142851,-0.014457695710768744,-0.0476370510420744,-0.004699315544715249,0.004393788244815251,-0.006430481276353764,0.005735571788025892,XLI,non_spy_etf
C,3,4078,0.5380088278567925,0.46199117214320745,0.0007097904296468173,0.00140413370985875,0.012191479212835674,-0.012661135892177149,0.00975291915577085,-0.009237989654021901,-0.01857666980406689,-0.027079870827284462,-0.1191911075408781,-0.0089299954426974,0.00936425309812285,-0.012334594664301892,0.011814274169964976,XLI,non_spy_etf
C,5,4078,0.5617949975478176,0.43820500245218247,0.0016476770279448595,0.0028250166656921,0.01643115368021697,-0.017305286044442047,0.0134099616851608,-0.0127507820155873,-0.02598000058516409,-0.0363698995531773,-0.1348182883943891,-0.01162551467733015,0.0128931907927559,-0.016297482160504174,0.016019065363930593,XLI,non_spy_etf
C,10,4078,0.5782246199117215,0.4217753800882786,0.003941108254276456,0.00561848802603775,0.023790237813335887,-0.02327066354820153,0.01937295050078055,-0.01592560987209485,-0.034152043394774435,-0.04792674579924036,-0.2758805410482399,-0.01631173552093505,0.019701110436044347,-0.02341934238973301,0.023798660008038236,XLI,non_spy_etf
C,20,4078,0.6206473761647867,0.37935262383521334,0.00850153876975474,0.01063815832261465,0.03429790947963339,-0.0337031246217791,0.0287874382087656,-0.0235439900841423,-0.04265608219186279,-0.060859020399849424,-0.3958494470386956,-0.02337550426593775,0.030512672343157098,-0.033075682576875626,0.03552923303470201,XLI,non_spy_etf
D,1,772,0.4896373056994819,0.5103626943005182,-0.0004978694401590816,0.0,0.0058711903694924975,-0.006608287227083693,0.0045280411154591995,-0.0049602888776737,-0.010948541960346439,-0.01474084012646518,-0.0289125431529798,-0.00534568569823265,0.0038738004046011,-0.00691369708707429,0.005449013137069814,XLI,non_spy_etf
D,3,772,0.5090673575129534,0.49093264248704666,-0.0005602446300955685,0.00037404163470905,0.011305286435346071,-0.012864080273152468,0.0087330552662951,-0.0094526269521945,-0.01961012746461145,-0.029707148977185724,-0.0986648865152124,-0.00950524689526545,0.0088018840237877,-0.013078700334938673,0.011339075501404072,XLI,non_spy_etf
D,5,772,0.5375647668393783,0.46243523316062174,-0.0004086523203589672,0.0017206863247859,0.014303199645093584,-0.017510665109330418,0.0115825091089627,-0.0128951747061256,-0.02726213850392523,-0.037113325088756435,-0.1017828632246777,-0.0126996643289417,0.0116880107620822,-0.017384284132736915,0.01483494520073758,XLI,non_spy_etf
D,10,772,0.5647668393782384,0.43523316062176165,0.001286200638678665,0.00462684799201705,0.019966228735027357,-0.022953359629202377,0.0163058229138365,-0.01713848400654475,-0.03700946235856511,-0.04848770200146451,-0.0992801439703029,-0.017402573280344752,0.01807611627168465,-0.024889591833936468,0.021591144653636075,XLI,non_spy_etf
D,20,772,0.5854922279792746,0.41450777202072536,0.004308526075969675,0.0069189114475327,0.030099783712972356,-0.032121625336296616,0.024443915097040747,-0.025914091246662947,-0.044465060974675306,-0.06292142410508045,-0.2017306652256483,-0.02572489543955015,0.0273032448117609,-0.03602398860428613,0.032331324366052676,XLI,non_spy_etf
A,1,5549,0.5101820147774374,0.48981798522256265,-0.0003197615917462943,0.0003895598004186,0.008709648220258227,-0.009724566292918038,0.0060859642450417,-0.0065072684078071995,-0.01546164048567274,-0.022378811686525158,-0.0693301997702608,-0.0060975609771367,0.0058235030597271,-0.009536403866797794,0.008473517376467043,XLK,non_spy_etf
A,3,5549,0.5444224184537755,0.4555775815462245,0.0004902895145437977,0.0021265284404716,0.016780673723800116,-0.01897697737476132,0.0119914346950709,-0.01354891567584075,-0.028361628243738,-0.04074529753192247,-0.1370830977939269,-0.0115540150219729,0.0117408906862703,-0.018203428944857474,0.01685519388590085,XLK,non_spy_etf
A,5,5549,0.5561362407641016,0.4438637592358984,0.0012775583885032936,0.0032327586187721,0.022170314305634944,-0.024899885687935306,0.01662324125565335,-0.0171026157022899,-0.036477937385941316,-0.05554930633758466,-0.1826287978852089,-0.0150956055014621,0.0162481536161822,-0.023988282085910844,0.022468226643769025,XLK,non_spy_etf
A,10,5549,0.5855109028653811,0.41448909713461884,0.003156637062883466,0.0074181291822206,0.03079103272879153,-0.03587995055387102,0.0241005730245009,-0.02526623997282445,-0.05236080354239374,-0.07575617954928696,-0.2281672162544642,-0.0218332392259229,0.0246947835745492,-0.034056569435807926,0.03280003530026257,XLK,non_spy_etf
A,20,5549,0.6141647143629483,0.3858352856370517,0.007075919876636461,0.0138095238083422,0.04439989139042873,-0.05233561441528509,0.036115028289403356,-0.0362345909633671,-0.06977761384696242,-0.10821049917605186,-0.2825786039159957,-0.0308471454893117,0.0385356454716891,-0.04767274700202377,0.04788767866594544,XLK,non_spy_etf
B,1,1175,0.505531914893617,0.49446808510638296,-0.00031377972651641884,0.0002862049201184,0.0081487096712125,-0.0089656191451928,0.00576954690097715,-0.0055974165756813,-0.01534385965795022,-0.021784419777003218,-0.0645879732752824,-0.0063051702320229,0.0056082830060948,-0.009153877441894612,0.007719603434670533,XLK,non_spy_etf
B,3,1175,0.563404255319149,0.43659574468085105,0.0009022308458536209,0.0029311940754195,0.015547044352124856,-0.017996144478028556,0.01135600730961925,-0.01318267420331,-0.02666364735117614,-0.038646460183965156,-0.0977600000001077,-0.0111220150507443,0.0118343195254584,-0.016881999164105006,0.016099102070310244,XLK,non_spy_etf
B,5,1175,0.5702127659574469,0.4297872340425532,0.0018381133902626882,0.0040899795492743,0.021102669775772288,-0.023720803002393608,0.016273524986075,-0.0157614241988988,-0.035341475038722335,-0.055047497450225205,-0.1187989556143138,-0.0142348754415743,0.0167130919244522,-0.022366872044226657,0.021819781853088183,XLK,non_spy_etf
B,10,1175,0.6246808510638298,0.3753191489361702,0.003870525829546616,0.0098806092979029,0.028746704286433993,-0.03753336303066956,0.02305786341731515,-0.0277945619489045,-0.0544717108217974,-0.07862075642512371,-0.1556135770209751,-0.0212389380570756,0.0268138801260322,-0.03263273884874666,0.03278100886143663,XLK,non_spy_etf
B,20,1175,0.6221276595744681,0.3778723404255319,0.006531280591819816,0.0139784226607106,0.04355806411145839,-0.054429482365062606,0.037760416669452,-0.0357263188949469,-0.07084649695451888,-0.11645409881402165,-0.2825786039159957,-0.0302803738329142,0.0427565392353617,-0.04617743297429384,0.04972989155420002,XLK,non_spy_etf
C,1,4078,0.5196174595389897,0.4803825404610103,-0.00027025034251631423,0.00047617179723885,0.006457346711067258,-0.00754731933513683,0.0049999999993262,-0.005102908657405,-0.011739801647823627,-0.01698039606194171,-0.0626650237632302,-0.0049397922583763,0.0049707491197832,-0.0074174881319994885,0.0063850554220898715,XLK,non_spy_etf
C,3,4078,0.5598332515939186,0.4401667484060814,0.0007657394390011333,0.0023915855252042003,0.012973271780541556,-0.014760609494556966,0.010126964932829,-0.0105485232030421,-0.02162562632160137,-0.030816581606907974,-0.1286745291314139,-0.00933842136008355,0.01009031165402215,-0.014031325796267612,0.012990097714032534,XLK,non_spy_etf
C,5,4078,0.5730750367827366,0.42692496321726336,0.0018204582532748946,0.0035818238666638002,0.017594472753030676,-0.019353506069487464,0.0145374449259552,-0.0137709433089802,-0.02840954776798521,-0.03969569980420885,-0.1826287978852089,-0.012244873816145,0.0141257856603667,-0.01847019239829913,0.017551628978578777,XLK,non_spy_etf
C,10,4078,0.603727317312408,0.39627268268759197,0.004417502524919633,0.007835009135753399,0.025350456793638974,-0.027474164188933718,0.0210970464116514,-0.020179849065670552,-0.037555187518410825,-0.0571299248330916,-0.2281672162544642,-0.0175619719098743,0.021455716522401247,-0.026459532291471785,0.026301138027582504,XLK,non_spy_etf
C,20,4078,0.6427170181461501,0.35728298185384993,0.009507986506720469,0.0149451234683978,0.03702257204833473,-0.03998805241199675,0.0325938099190421,-0.0300211416558942,-0.052270556521867705,-0.07301427499985876,-0.2825786039159957,-0.02477688195438495,0.0344986982640472,-0.03716703921688164,0.03943579709725733,XLK,non_spy_etf
D,1,911,0.5115257958287596,0.4884742041712404,-0.00044725839977618743,0.0003664345956502,0.006579627491389124,-0.007805750141985255,0.00501628000593885,-0.0047864506557462,-0.0122358175703984,-0.0185692006076811,-0.0416799999998019,-0.0055192532031105,0.0049055905218324,-0.007915230207122828,0.006363597721721044,XLK,non_spy_etf
D,3,911,0.5729967069154775,0.4270032930845225,0.0005825238753120845,0.0030118155838085,0.01254551674423126,-0.015470643933366094,0.00958590947472445,-0.0111446482479808,-0.0226472068415859,-0.03287267252223905,-0.0977600000001077,-0.0099005653827745,0.0103227208502059,-0.014488411485480392,0.013327415859979914,XLK,non_spy_etf
D,5,911,0.570801317233809,0.429198682766191,0.0012455624920185517,0.0038125691778523,0.017572324023362635,-0.02046777765196846,0.0141251901976349,-0.0130151843807203,-0.029948364880768,-0.045186379669895846,-0.1068464730263778,-0.0123265306128774,0.0148883374625532,-0.019405982080976818,0.01819226653258829,XLK,non_spy_etf
D,10,911,0.6180021953896817,0.38199780461031835,0.0022842849399783882,0.0088321884148128,0.02416979176194497,-0.033122440177168685,0.0204790638128053,-0.0220948914797269,-0.0505464480851204,-0.07243753459594345,-0.1391076115519077,-0.0184375000026877,0.0236764222298377,-0.029626050694356216,0.027458120571719882,XLK,non_spy_etf
D,20,911,0.6180021953896817,0.38199780461031835,0.004926855508611331,0.0129124292457627,0.037007083528668626,-0.04697305361579171,0.0340871189719333,-0.032848876535471444,-0.061902594452262,-0.0919179537046492,-0.2825786039159957,-0.0281755196370674,0.0372670807518797,-0.042732360550666613,0.042358858418518074,XLK,non_spy_etf
A,1,5549,0.5080194629663002,0.49198053703369976,3.721876419652431e-05,0.000355998579208,0.006045530999701338,-0.006166968851879692,0.0043509789698481,-0.0043085610474145,-0.0094415198093018,-0.01364459071375296,-0.0702781844789546,-0.0043649061525193,0.0041564330255876,-0.006221412080022258,0.005816195632688532,XLP,non_spy_etf
A,3,5549,0.5296449810776717,0.47035501892232834,0.0006414108616346198,0.0009135200942373,0.010820431145704712,-0.010820711979316337,0.0079647517365764,-0.00722707903715215,-0.01578848005983512,-0.023161925062499197,-0.1361639824294509,-0.007885843034817,0.0083018867861246,-0.011269812160055357,0.011060856309973218,XLP,non_spy_etf
A,5,5549,0.5500090106325464,0.4499909893674536,0.0012173669077414362,0.0020980354771342,0.013763192204770324,-0.014116977828554986,0.0107467083372724,-0.0093676814968972,-0.02063696876368184,-0.030584712646024637,-0.1733800350267051,-0.0099502487564239,0.0112456747352986,-0.014586250652780632,0.014578079070343846,XLP,non_spy_etf
A,10,5549,0.5856911155163093,0.41430888448369074,0.0026275715214620905,0.0044189129485787,0.01858942221058869,-0.019937028191309308,0.015217277410646799,-0.0135753624933507,-0.026942425764515856,-0.04108952068894146,-0.1860668718806301,-0.0136652025367727,0.0171293561726102,-0.020417181140867845,0.020916225583812786,XLP,non_spy_etf
A,20,5549,0.6141647143629483,0.3858352856370517,0.005474397702615646,0.0083648977767132,0.026491899551480937,-0.027980831770029347,0.022451231313135603,-0.0187734668365723,-0.03577898959603352,-0.05744251443422461,-0.2259908069630031,-0.0184605757178362,0.0255509421888193,-0.028539447777668075,0.030003844844759372,XLP,non_spy_etf
B,1,372,0.48655913978494625,0.5134408602150538,-0.0002586168212951537,0.0,0.006561192357017446,-0.006721367927444789,0.0047920588745236,-0.0052738336729731,-0.01094893341890872,-0.01435400866004662,-0.0345833333305882,-0.0054266082779185505,0.0045911912113114,-0.007304412425947562,0.006046375027652801,XLP,non_spy_etf
B,3,372,0.49193548387096775,0.5080645161290323,-0.0007375575935291658,-0.0002990077702597,0.010479933738172737,-0.011598938089304024,0.0077836952127159,-0.0081201786428976,-0.0179637583817881,-0.025058441248543704,-0.0577962577953696,-0.009974476046434099,0.007780477180451,-0.012881302953163693,0.010741516688259161,XLP,non_spy_etf
B,5,372,0.5349462365591398,0.4650537634408602,-4.896705855167968e-05,0.00138743137984085,0.012177550395556423,-0.014112995806340773,0.0097809076699864,-0.0102564102553943,-0.0242592638968746,-0.030426457612307032,-0.0611226611246488,-0.01211415674646075,0.01082579100358275,-0.015970370370263623,0.013869277595625857,XLP,non_spy_etf
B,10,372,0.5672043010752689,0.4327956989247312,0.0015496077439874684,0.0040396079059983,0.01702812435994216,-0.018735901609841354,0.0137046861140635,-0.0160826138488844,-0.029246687318302367,-0.03668187483641195,-0.070491803282138,-0.01679296307721525,0.01742493749663005,-0.020611712699766544,0.020040792981714677,XLP,non_spy_etf
B,20,372,0.5994623655913979,0.40053763440860213,0.005741019882945422,0.0068898019240478,0.025309059293310735,-0.023545374670822804,0.0202003398667571,-0.0190895741557943,-0.03206883722208144,-0.04418790479690491,-0.0920887400592613,-0.021475560217788098,0.02450007575490915,-0.02734981075649877,0.028546654279243366,XLP,non_spy_etf
C,1,4078,0.5068661108386464,0.4931338891613536,-3.99376478279455e-06,0.0002472168167819,0.004978828423362943,-0.005125571816944526,0.0037645448320691,-0.0036450154649833,-0.00796659178953342,-0.011428143696241844,-0.0456257848469964,-0.0037873050393586,0.0037023475331458503,-0.005201859297760938,0.004921564563983393,XLP,non_spy_etf
C,3,4078,0.5318783717508583,0.4681216282491417,0.0005873245437324317,0.0008883992907149001,0.009217753621741756,-0.009218542753387644,0.007340090877028,-0.0064292779427489,-0.013889442260229149,-0.020148767086996554,-0.0841487279835156,-0.00692609137290785,0.0073108847406192,-0.009441492542119885,0.009410263182072534,XLP,non_spy_etf
C,5,4078,0.5495340853359489,0.450465914664051,0.0011810241177745125,0.0019043086024287,0.012036228732126933,-0.012061498223414261,0.0097508125665013,-0.0083740404757859,-0.017905934313761925,-0.025952527265749998,-0.093376764386014,-0.008843250823899751,0.01002786813466655,-0.012303153130147362,0.012497227159384077,XLP,non_spy_etf
C,10,4078,0.5926924963217264,0.4073075036782737,0.002864119625899618,0.0042822801974724,0.016424685443494663,-0.016868503842569514,0.0138190954767944,-0.0122757318224927,-0.02323778261223353,-0.03409902405240232,-0.1374632232768552,-0.011958874963408899,0.01520693568599215,-0.017329977951673188,0.018209999006652905,XLP,non_spy_etf
C,20,4078,0.6223639038744483,0.37763609612555177,0.006191540611554135,0.008133404195669401,0.02407871827019899,-0.023287457373926804,0.02084004373049935,-0.015986972781619452,-0.02976038984063775,-0.04382624384763235,-0.2259908069630031,-0.0165506845787297,0.0234311212562319,-0.024220671263352207,0.026624390045976613,XLP,non_spy_etf
D,1,240,0.5208333333333334,0.4791666666666667,4.031896436143499e-05,0.00081991384335075,0.005866213971041988,-0.006292175608117428,0.00419639110188,-0.0044291338592293,-0.009457102480744379,-0.01289671032123168,-0.0345833333305882,-0.0045546076508702505,0.0043660584233755,-0.006343811989764144,0.005755565776332242,XLP,non_spy_etf
D,3,240,0.525,0.475,-0.00041939334817705533,0.0008964557486554,0.009186951977256452,-0.011036932918393031,0.006284313972664201,-0.0070287100205302,-0.01643589732661415,-0.025015315318657742,-0.0577962577953696,-0.008153044217550549,0.0071678586000307,-0.011294990098033008,0.009967405573610807,XLP,non_spy_etf
D,5,240,0.5375,0.4625,-9.611678510817422e-05,0.0010687091928398,0.010288104240622225,-0.012164265544740796,0.0090871540733099,-0.0082824760214068,-0.01994263553669367,-0.028995074237507138,-0.0611226611246488,-0.009707627842709749,0.01020178012322555,-0.014097229203474254,0.012668088067889282,XLP,non_spy_etf
D,10,240,0.5875,0.4125,0.0013538610989824798,0.0043378653794482,0.015007565756804482,-0.018092324322764003,0.0127130105462587,-0.0145678213016399,-0.028247740364592506,-0.039283065790389066,-0.0600121316839247,-0.01252374073561735,0.015596393319232,-0.018962436301911655,0.018201117885609235,XLP,non_spy_etf
D,20,240,0.6208333333333333,0.37916666666666665,0.005737178031908859,0.0081225929002356,0.02260113163118429,-0.021875229509761895,0.0170443096917245,-0.0167111581824331,-0.03082252002559874,-0.03812953636581202,-0.0920887400592613,-0.01885610559845605,0.023003456215191502,-0.02576589964154946,0.02571523744729556,XLP,non_spy_etf
A,1,2169,0.5103734439834025,0.4896265560165975,-0.00016506063397987898,0.0003071253041171,0.007223584842051697,-0.007866784308148387,0.0054945054947639,-0.00578196580517675,-0.01258528283814732,-0.01718617355042016,-0.0672955974867208,-0.0057803468195474,0.005203816131605,-0.007836018349196073,0.006844569032632171,XLRE,non_spy_etf
A,3,2169,0.5306592899953896,0.4693407100046104,0.000499835796983813,0.0013466199857112,0.01434116739421836,-0.015149842659221455,0.0110995468148025,-0.010893995270074099,-0.02282684238900164,-0.032483459351441396,-0.1155313351475765,-0.0107112253630246,0.0104438642299491,-0.01476404297861034,0.013747291089868878,XLRE,non_spy_etf
A,5,2169,0.5486399262332873,0.4513600737667128,0.0011598574755444728,0.0023492560679838,0.018762815098738037,-0.020236996019450768,0.0147800958798558,-0.0141570141570483,-0.029902705141246058,-0.042397723282892,-0.1918256130797594,-0.0135135135143258,0.0142636001777047,-0.019387191231760494,0.018561614117746577,XLRE,non_spy_etf
A,10,2169,0.5610880590133702,0.4389119409866298,0.0028220936837432676,0.0049621311058669,0.027511227041447154,-0.028739540030884494,0.0231197771591553,-0.0204610321380194,-0.041979800250225796,-0.0598855389085122,-0.3007673296984915,-0.0182636315517422,0.0216288767279173,-0.0276056829721025,0.027400133222176427,XLRE,non_spy_etf
A,20,2169,0.5887505763024435,0.41124942369755646,0.006169960704912345,0.0092106467711863,0.03859810998543806,-0.04025464314175957,0.0314485387556566,-0.02896544428330885,-0.052068992438122776,-0.07700603622447286,-0.3813442864026438,-0.0260638297879446,0.0331632653087563,-0.03926080069236736,0.04008425339272783,XLRE,non_spy_etf
B,1,350,0.48857142857142855,0.5114285714285715,-0.0006562205704644034,-0.00010429703754745,0.006407171234412883,-0.007403930060039911,0.0048433968366601,-0.0063463281974044,-0.012219068300255619,-0.015831234783947445,-0.0404755165584237,-0.00607089529448375,0.00462731292028635,-0.007785535852137109,0.005909288722940521,XLRE,non_spy_etf
B,3,350,0.5,0.5,0.0001790055259107349,0.00012800819247825,0.013697700385877047,-0.013339689334055578,0.0110995468148025,-0.0101854270035812,-0.02054942857137109,-0.029708792671719792,-0.0766550522654072,-0.01130855264664185,0.0091297021079538,-0.014173033500137404,0.012505560538054128,XLRE,non_spy_etf
B,5,350,0.5057142857142857,0.4942857142857143,0.00037359944635334714,0.00081819773520325,0.01815019581225969,-0.017814016488706896,0.0149253731354743,-0.0128473259630952,-0.033706847946719284,-0.04414304452353798,-0.095660513068199,-0.014075099715851351,0.0118463950922045,-0.018564837351922655,0.017037463579978894,XLRE,non_spy_etf
B,10,350,0.47714285714285715,0.5228571428571429,-0.0022652471301963374,-0.0019263281838038998,0.024063971586508852,-0.026292457653091246,0.0190831777657105,-0.018422295703413,-0.04614111705352266,-0.06761522684406299,-0.1134939759017491,-0.0198130140774724,0.017983522373180197,-0.028310359577397616,0.024670563002200427,XLRE,non_spy_etf
B,20,350,0.4542857142857143,0.5457142857142857,-0.008672023767260213,-0.00582638303230695,0.03500388869487062,-0.04503050586924349,0.0270621909987824,-0.0289453813226051,-0.07750397683195111,-0.09542403596869657,-0.3097578518360498,-0.032212548855622344,0.02771787917747645,-0.0466297478181894,0.035032628303243676,XLRE,non_spy_etf
C,1,1764,0.5187074829931972,0.4812925170068027,-0.00014169161619878289,0.00040656204923975,0.006284016607151893,-0.007066924860445978,0.0050000000010639,-0.0055496828739918,-0.011251110462439099,-0.014907980680443514,-0.0442686101596433,-0.0052814166760503,0.0049707164602224505,-0.006983144334674054,0.006139201863834236,XLRE,non_spy_etf
C,3,1764,0.5306122448979592,0.46938775510204084,0.00041304904238774237,0.0012398508396157999,0.012282643013993552,-0.013004752838557957,0.009911816979018849,-0.00986016332424975,-0.02051603872834985,-0.02834901262318551,-0.0925691098156366,-0.00985025740189355,0.00964624516820485,-0.012853688159951526,0.012058100308020967,XLRE,non_spy_etf
C,5,1764,0.5425170068027211,0.4574829931972789,0.0010892385983497655,0.0018738378138345,0.016110123052344535,-0.016723631813636595,0.0129993658824834,-0.0125361620074021,-0.02602258866582824,-0.035342293693037895,-0.112210424709952,-0.012669184786345,0.0131691433311464,-0.01669894725301995,0.01617086360491597,XLRE,non_spy_etf
C,10,1764,0.5532879818594104,0.4467120181405896,0.0025467639920018176,0.0040173053163562004,0.023368875367636602,-0.023243059234672736,0.02008585227499975,-0.01812861183906685,-0.03597752537836036,-0.04862566122521814,-0.2581790514846022,-0.017395484146994,0.01973145698062255,-0.023657919747657595,0.02375309371063084,XLRE,non_spy_etf
C,20,1764,0.5861678004535147,0.41383219954648526,0.004617740707180563,0.0078604602404246,0.0317034118150184,-0.0337474427524144,0.0269152000525377,-0.0247411919878253,-0.04622317911177008,-0.06374021153308143,-0.3813442864026438,-0.02472714711604965,0.03017705999217205,-0.034146731323418084,0.03439751648473312,XLRE,non_spy_etf
D,1,269,0.49070631970260226,0.5092936802973977,-0.00045208135332069335,0.0,0.006097337670195094,-0.006762470485467292,0.00470243165640745,-0.0051886792467658,-0.01088855029244934,-0.01377679798651708,-0.0292386185244404,-0.0058139534888261,0.0043559427526118,-0.007298484353310172,0.005465583651288098,XLRE,non_spy_etf
D,3,269,0.48698884758364314,0.5130111524163569,-0.0002824525957640612,-0.0002605523701747,0.012369622034512567,-0.012292755324504917,0.009785770958492,-0.0093828009061726,-0.01849330082527484,-0.02817613732258336,-0.0766550522654072,-0.0106514738673659,0.0083883388360803,-0.013266670469956643,0.011268860255868417,XLRE,non_spy_etf
D,5,269,0.4758364312267658,0.5241635687732342,-0.000557483754615856,-0.0006249999979164,0.016625514071336413,-0.016156233554061886,0.0133339259520571,-0.0108233260393133,-0.028428967009868737,-0.0415755772239994,-0.095660513068199,-0.0138427464010912,0.0111636190931552,-0.017673816593836805,0.015275435854430273,XLRE,non_spy_etf
D,10,269,0.4721189591078067,0.5278810408921933,-0.00140204661279049,-0.0020433183494126,0.022365952527239497,-0.022659341618310274,0.0181771633383964,-0.0158397945129545,-0.03862902105390424,-0.05402354987707226,-0.1134939759017491,-0.0188617383220688,0.0163455925256865,-0.026179741871583336,0.022164501099802822,XLRE,non_spy_etf
D,20,269,0.45724907063197023,0.5427509293680297,-0.00624323190783145,-0.005437799333312,0.03338928811239554,-0.03963227274678981,0.024628662851341,-0.026301424065226398,-0.060380210845841505,-0.08694117257422472,-0.3097578518360498,-0.0304915992533261,0.0240202275600125,-0.04241801144891533,0.03235439675318832,XLRE,non_spy_etf
A,1,5549,0.4928816002883402,0.5071183997116597,-0.00022328526806920728,0.0,0.007560519637448427,-0.007788568287468897,0.0056728647981207,-0.00549191907108045,-0.0123227507661585,-0.01743332946215416,-0.0880239520954985,-0.0057163931415853,0.0053537284786129,-0.008003280108971294,0.007224968263484906,XLU,non_spy_etf
A,3,5549,0.5357722112092269,0.4642277887907731,0.0004612729041136559,0.001320132021384,0.01317061564998203,-0.014206769014933967,0.0102774922925115,-0.010242296946553,-0.020888476655951917,-0.030010365856931457,-0.1690343887265378,-0.0097425191417992,0.0107377900954652,-0.01428285231886891,0.013761605474616172,XLU,non_spy_etf
A,5,5549,0.5446026311047035,0.4553973688952965,0.0011342033817273544,0.0020313406863667,0.01701990127489667,-0.017863255673736696,0.0135902116899554,-0.0121173189017954,-0.026702547600682816,-0.037330939216667254,-0.2074418604670518,-0.0124262847540038,0.014266755145474,-0.018449225866469805,0.018167459013419318,XLU,non_spy_etf
A,10,5549,0.5790232474319698,0.4209767525680303,0.0027948537617879265,0.0049010709763135,0.02339491472310532,-0.025539048579270633,0.0190267105733232,-0.0173406804849262,-0.03480337239646888,-0.05082866746868344,-0.2960626201568895,-0.0172239108358635,0.021431040452454,-0.02582890008871397,0.026163455843130384,XLU,non_spy_etf
A,20,5549,0.6121823752027392,0.3878176247972608,0.006100806981178816,0.0106639146905094,0.03327147402158844,-0.03678894949478377,0.0280330882413506,-0.02611109769764905,-0.04768932093371954,-0.0671188988003648,-0.3474567260717872,-0.02388344877136,0.0320601862281708,-0.036041118311093225,0.03747557715407371,XLU,non_spy_etf
B,1,737,0.4097693351424695,0.5902306648575305,-0.001708670164063425,-0.0013409319442913,0.006909149154726027,-0.00769161598998162,0.0054212586966044,-0.0055103647394237,-0.01386323750263492,-0.018359156905920902,-0.0383180739210741,-0.0072089520130499,0.0045774647892495,-0.00883609843742311,0.006183212353732675,XLU,non_spy_etf
B,3,737,0.47218453188602444,0.5278154681139756,-0.0017660409276016244,-0.0008984725966151,0.011851341764215678,-0.013948172487376488,0.009295380455142749,-0.010414201184871,-0.023955528273322417,-0.03013211983775794,-0.0752475247511258,-0.0115163147751735,0.0094367443206326,-0.015366011560772436,0.01207069613954209,XLU,non_spy_etf
B,5,737,0.48846675712347354,0.5115332428765265,-0.0017599615935127212,-0.0001847872432787,0.014217679382505668,-0.017017125390241153,0.0119953482687279,-0.012364466426003,-0.028356083006678797,-0.038310610720773755,-0.0892981236969577,-0.0143266475753307,0.0124370277068972,-0.019561672389388003,0.016057362118830975,XLU,non_spy_etf
B,10,737,0.5101763907734057,0.4898236092265943,4.080526671932604e-05,0.0006478327602787,0.02158718249116091,-0.02240085078976277,0.01575203336095915,-0.0159611380944388,-0.0339004587600844,-0.05360581146599352,-0.1123483226274145,-0.0200197726147967,0.01804199940333,-0.02661827740021201,0.024026398454950984,XLU,non_spy_etf
B,20,737,0.5630936227951153,0.4369063772048847,0.00014169007437144266,0.0056401233234342,0.030080435791711022,-0.03844396046195131,0.0220543626557401,-0.02742101564466065,-0.054699985885891325,-0.08000324461518893,-0.2765355222196441,-0.0276172125946284,0.0280036133743939,-0.038331014834109,0.03440922828880975,XLU,non_spy_etf
C,1,4078,0.4968121628249142,0.5031878371750859,-0.0001481893394130933,0.0,0.006304590958809677,-0.006519209263486842,0.00514835396941315,-0.00499926492587915,-0.0103002716864215,-0.01443680138530215,-0.0514858327594923,-0.0051150895136677504,0.00482195544208705,-0.006652937779503917,0.006195857718451114,XLU,non_spy_etf
C,3,4078,0.5411966650318784,0.45880333496812165,0.0006790411241075107,0.0013845622999928,0.011234934000007019,-0.011772511829986669,0.0093144560333875,-0.0091334894635501,-0.01772774163941925,-0.024398868451620852,-0.0862601028664047,-0.00866311665310945,0.0097064946331328,-0.01173825979697034,0.01182352232554753,XLU,non_spy_etf
C,5,4078,0.5522314860225601,0.44776851397743994,0.0014949007970019273,0.00221642559818965,0.014689915101613996,-0.014778468433001568,0.01250386696682855,-0.01073867899949865,-0.02251205087054402,-0.031534388917800235,-0.1120948165069092,-0.0111379054805166,0.0129990713680622,-0.015095129041096422,0.015781284019509026,XLU,non_spy_etf
C,10,4078,0.5848455125061305,0.4151544874938695,0.003580579192674752,0.00477897933637835,0.020560868611781236,-0.02034026561805707,0.0174459176510799,-0.0156447136039656,-0.029520912526682076,-0.0411865047283178,-0.2240437158481502,-0.01505467512766015,0.01981267906455585,-0.020933032221222142,0.023137525296787663,XLU,non_spy_etf
C,20,4078,0.6253065228052967,0.3746934771947033,0.007858350732703403,0.0105078706007406,0.030000212589703996,-0.02909305485325964,0.02555977760380375,-0.0217038034474065,-0.03884957957234938,-0.05648111836704988,-0.3474567260717872,-0.021083591700957152,0.030003903995221952,-0.02898408155744573,0.0339624080130484,XLU,non_spy_etf
D,1,537,0.41154562383612664,0.5884543761638734,-0.0015305305928839904,-0.0011768167102768,0.006678999334572942,-0.007272005637086466,0.0054869684492799,-0.005473037682434,-0.01331256296388094,-0.01676616385460384,-0.0372822299553775,-0.0065369649793812,0.0040485829945919,-0.008038474080635146,0.005517428969410428,XLU,non_spy_etf
D,3,537,0.4729981378026071,0.527001862197393,-0.0014001218929222457,-0.0008984725966151,0.010792987173616677,-0.012343760419073788,0.008475030117891049,-0.0094915872089851,-0.02138362618054154,-0.02803490268529436,-0.0552521683285662,-0.010889973714691,0.008010391858372,-0.013957519026432367,0.010672379204301877,XLU,non_spy_etf
D,5,537,0.5083798882681564,0.49162011173184356,-0.0007808869481078325,0.0003268507909481,0.013131397849351717,-0.015167454181844411,0.0106729913975553,-0.01103830088339965,-0.02419873857923986,-0.03539968740657724,-0.0776826859787498,-0.0133234640970931,0.0116906474827251,-0.017576444480707245,0.014552838037546598,XLU,non_spy_etf
D,10,537,0.5121042830540037,0.48789571694599626,0.0016115984071752144,0.0007791591686256,0.020814755513096493,-0.01854438710476506,0.0152697658609803,-0.01421200936371175,-0.02760221321563458,-0.035950391074730643,-0.1123483226274145,-0.0187652129760385,0.0168831168837255,-0.023817450286966912,0.02222389920491533,XLU,non_spy_etf
D,20,537,0.5586592178770949,0.441340782122905,0.0016494381635199068,0.0045108522483741,0.02841559017602774,-0.03223176691560392,0.0193980229673829,-0.0242914979774984,-0.04709946903080852,-0.06848691818872894,-0.2765355222196441,-0.0259215220012209,0.0262440354508635,-0.034248640673419574,0.03245606055262903,XLU,non_spy_etf
A,1,5549,0.5004505316273202,0.4995494683726798,-4.8296568982616596e-05,9.88630748621766e-05,0.006975881889847559,-0.00708514490237778,0.005143889893068,-0.005004509391613,-0.01118853478045826,-0.0158351022019552,-0.0864688856723591,-0.0050972248427567,0.0044781260760473,-0.007132060359096752,0.006362756561986894,XLV,non_spy_etf
A,3,5549,0.5298251937285997,0.47017480627140024,0.0007182904008632573,0.0010948905109393,0.01313432374590349,-0.013272946867982385,0.01000817218935,-0.0093548387085052,-0.0200998746565808,-0.02807973903709558,-0.1376470588249143,-0.0093833780183306,0.009391304347001,-0.013606865327986958,0.01267770144893556,XLV,non_spy_etf
A,5,5549,0.5446026311047035,0.4553973688952965,0.0014724979977925165,0.0019736842112674,0.01707694178461075,-0.017188613645960825,0.013531085483573499,-0.0125135362761753,-0.02527032977591086,-0.03513958377061103,-0.1748366013066085,-0.0123239436632076,0.0131316014847806,-0.017925886876946257,0.01691640448540924,XLV,non_spy_etf
A,10,5549,0.5665885745179312,0.43341142548206885,0.0033104751316167854,0.0047301057296305,0.02395087163366935,-0.023672230316388734,0.0196404471304,-0.016911342330222,-0.031213462284508216,-0.045937253195515074,-0.2085058780066582,-0.0177722152698442,0.0197530864201047,-0.0254962672048993,0.024618546670173817,XLV,non_spy_etf
A,20,5549,0.6157866282213011,0.38421337177869885,0.006949215191312836,0.0104830148619941,0.03283922080616264,-0.03454522626550789,0.0270199927352503,-0.0253167849991092,-0.04517729420356995,-0.06577690047875707,-0.2539343181138315,-0.0241005937809478,0.0303616007664777,-0.03591844772271644,0.035780923916742785,XLV,non_spy_etf
B,1,715,0.4643356643356643,0.5356643356643357,-0.0008995020257317765,-0.0003300330071976,0.006242503232322344,-0.007090483084932737,0.005047338397435951,-0.0047995482783442,-0.012477358798616679,-0.01663025442238206,-0.0327817670953854,-0.0056438437541537,0.0039881831609895,-0.007351605665375753,0.00552733430764354,XLV,non_spy_etf
B,3,715,0.48951048951048953,0.5104895104895105,-0.0015919095197013643,-0.0002820874483114,0.010792601245276937,-0.013467467787488776,0.0088215521856835,-0.0093959731526793,-0.02206084148426052,-0.03136997835739312,-0.1023316062206574,-0.0104201680645753,0.0086805555526758,-0.013811827383758487,0.010794866638674672,XLV,non_spy_etf
B,5,715,0.5020979020979021,0.4979020979020979,-0.0017352225449688884,0.0002111486491507,0.01321681727018502,-0.016813262695643753,0.0105982906007,-0.012580504975830499,-0.026913912137587277,-0.03580063869759271,-0.1002921129518115,-0.0132727907764935,0.0114043355321953,-0.01802398689368514,0.014007854212770949,XLV,non_spy_etf
B,10,715,0.5202797202797202,0.4797202797202797,-0.00024872966622443185,0.0021629415971218,0.01852681031458665,-0.020611705971943742,0.0151640272394387,-0.0141935483911695,-0.0302247550231268,-0.04436985672794324,-0.1510897672689503,-0.0183645183641915,0.0177425443559426,-0.02485687129827956,0.020834493637124522,XLV,non_spy_etf
B,20,715,0.5832167832167832,0.4167832167832168,0.003684775445168494,0.0073904864276701,0.026382897271579765,-0.02807736147299762,0.0239792964594369,-0.02233631466656765,-0.04005404585525268,-0.05589749255948631,-0.1209442699603808,-0.0238989772497626,0.0277383294218773,-0.03346983361686012,0.03073145573914021,XLV,non_spy_etf
C,1,4078,0.49190779794016676,0.5080922020598333,-0.00025926623202743906,0.0,0.005620320081179885,-0.0059515684252194724,0.0044309540688349,-0.0043675930698545,-0.00951250835724611,-0.013858953725181514,-0.0473523921796665,-0.0044716394948906505,0.0039307587431396,-0.006043850976367022,0.005145021344924014,XLV,non_spy_etf
C,3,4078,0.5279548798430603,0.47204512015693967,0.000457125624810819,0.00098131589477985,0.010861861699551075,-0.011179963605794777,0.0088329764451784,-0.0083937971273353,-0.0176341563329551,-0.02414999997016695,-0.1023316062206574,-0.00823845633146,0.00824148813750435,-0.011293594295357194,0.010437884385000616,XLV,non_spy_etf
C,5,4078,0.5485532123589996,0.4514467876410005,0.001211624286738175,0.0019563303692298,0.014365062034308792,-0.014771124350586903,0.0120915032669197,-0.0113902847545264,-0.022258215216898348,-0.030881888115466695,-0.1012959534516479,-0.01084110231236255,0.011431212143982749,-0.014822796244909574,0.01415157949807832,XLV,non_spy_etf
C,10,4078,0.5730750367827366,0.42692496321726336,0.0033055150193491596,0.0046520687200286,0.0205040778410911,-0.01978066609174269,0.0175159235652255,-0.0155887538266755,-0.027365159404518037,-0.03811188747759218,-0.159172754399225,-0.015589627625000851,0.017895792135022202,-0.020997509539891497,0.02105888128107901,XLV,non_spy_etf
C,20,4078,0.6289847964688573,0.3710152035311427,0.007159008116083003,0.010596556131436799,0.028502321551325552,-0.02902446773414642,0.0250614935243267,-0.0223663461881402,-0.038831603958738886,-0.0536331368456025,-0.2539343181138315,-0.0208759269567352,0.02844591448059825,-0.029358867412989254,0.03142048788968035,XLV,non_spy_etf
D,1,521,0.46641074856046066,0.5335892514395394,-0.0008415204353884537,-0.0002816108117442,0.005375314334593198,-0.0062756601803724155,0.0046409379582885,-0.0045954021947654505,-0.0102004924392221,-0.0153421294870068,-0.0327817670953854,-0.0048780487819237,0.0035694673274115,-0.006418817022380401,0.004771930774164178,XLV,non_spy_etf
D,3,521,0.5028790786948176,0.4971209213051823,-0.0017465382601932228,0.0002829122963223,0.009054399723054257,-0.01267258363320805,0.0071163213607963495,-0.0085317187293121,-0.0191737680620821,-0.0302816901422041,-0.1023316062206574,-0.0089020771512902,0.0076108537380761,-0.01224623480964881,0.009276970573271702,XLV,non_spy_etf
D,5,521,0.510556621880998,0.4894433781190019,-0.0022547449612308748,0.0004678362577412,0.011425246470700118,-0.016524853670617713,0.0094869810387819,-0.0122950819627607,-0.0261136712749102,-0.0342192691051451,-0.1002921129518115,-0.0118148998996842,0.0101010101020067,-0.016381241052905077,0.012007313068855108,XLV,non_spy_etf
D,10,521,0.5220729366602687,0.4779270633397313,-0.0004979407865995147,0.00178458954452,0.017205706384393272,-0.019836864603908905,0.0143521813489987,-0.0143660212409891,-0.0285842444642252,-0.0404001539039019,-0.108441353144877,-0.0164051355209124,0.0155917788768882,-0.02331724677830004,0.01829529734539229,XLV,non_spy_etf
D,20,521,0.5738963531669866,0.42610364683301344,0.0021786632888399628,0.0073582596070169,0.024744567326640828,-0.028214153410720658,0.0229734164747037,-0.02255551409586625,-0.0405142189331905,-0.0561480552089694,-0.1209442699603808,-0.0213793103445456,0.0248962655630187,-0.03099414610225467,0.02743886931063279,XLV,non_spy_etf
A,1,5549,0.5204541358803388,0.4795458641196612,6.158750915248269e-05,0.0005025967495175,0.007890566496306595,-0.008435252518995235,0.0054611655492781,-0.0059225512489123,-0.01288738237387574,-0.01890863757174066,-0.0941072999112058,-0.0053593947044672,0.0050061050065,-0.008024018419876528,0.007320616071710218,XLY,non_spy_etf
A,3,5549,0.5431609298972788,0.45683907010272123,0.0010186946622938496,0.0019261637266441,0.015683786269831575,-0.016417433978778623,0.011451395538777349,-0.0111940298505071,-0.024821070448248536,-0.03402623425309938,-0.1551656920108718,-0.0101795560583561,0.0104655359152492,-0.015594264924429935,0.015009971211656176,XLY,non_spy_etf
A,5,5549,0.5525319877455397,0.44746801225446026,0.0019608968339528575,0.0029368575576305,0.020752143891286174,-0.021242471461570277,0.01582551458154175,-0.0148905109517251,-0.03092372189175292,-0.04424348496641642,-0.2050623624392776,-0.0136049009462561,0.0147274466050446,-0.020587398610860137,0.020190634542685253,XLY,non_spy_etf
A,10,5549,0.5806451612903226,0.41935483870967744,0.004242880688838231,0.0061371841239445,0.028611668336443186,-0.029498517592460936,0.021714996081154403,-0.0200617283915339,-0.04125394099184196,-0.05994039911943986,-0.2616487455191658,-0.0195353748701671,0.0223509933790231,-0.029362910019230425,0.02964193083598731,XLY,non_spy_etf
A,20,5549,0.6255181113714183,0.3744818886285817,0.008778176446092877,0.0130657956146023,0.04040157956295381,-0.04404416822119504,0.0321160937327662,-0.031497080887714746,-0.05619168585531096,-0.08576536662950082,-0.338302058110573,-0.0270270270220813,0.034057971017869,-0.041157376986952064,0.04332974929593843,XLY,non_spy_etf
B,1,1042,0.5163147792706334,0.4836852207293666,-0.00013288530822739588,0.00036292894965129997,0.0072720043527326255,-0.008037311176474403,0.005314031934622401,-0.00598545826972595,-0.012933675267331,-0.017750600529929935,-0.0469707283908488,-0.00586628499217425,0.004883668854967551,-0.00808984018231122,0.006793180746032837,XLY,non_spy_etf
B,3,1042,0.5268714011516314,0.4731285988483685,-5.4451201277334356e-05,0.00159660784075535,0.014024349947947308,-0.015732467085505183,0.0106913756221089,-0.0111585165749553,-0.02524900602674668,-0.033433992397255,-0.1054313099062541,-0.011059461681536951,0.01006483522252285,-0.01576071912130744,0.013913415873238202,XLY,non_spy_etf
B,5,1042,0.5508637236084453,0.4491362763915547,0.0014497095713375556,0.00285023797006375,0.017917408747228056,-0.01874785309310934,0.014522726313452701,-0.0144753307541897,-0.02839228278612721,-0.03916941252158561,-0.0925397472454264,-0.0147004777642747,0.0147217235185235,-0.02040709773762783,0.018971688315320406,XLY,non_spy_etf
B,10,1042,0.5921305182341651,0.40786948176583493,0.004958209847577326,0.0076510632766128,0.0264481984959957,-0.02624019720200887,0.0220733149415173,-0.0199091861692033,-0.03672522363263783,-0.05377398713087365,-0.1658094538339227,-0.0213686631859599,0.02348184086069125,-0.028674728619254592,0.02902901565969473,XLY,non_spy_etf
B,20,1042,0.6103646833013435,0.3896353166986564,0.008503366740941432,0.013099663098944999,0.04012837046144878,-0.04103727948133116,0.0335937230400644,-0.031646259869508156,-0.05784611130609164,-0.08351215584957074,-0.1636051922606629,-0.03076971098894745,0.036753434774892096,-0.040631799733859095,0.04547749215715098,XLY,non_spy_etf
C,1,4078,0.519127023050515,0.48087297694948505,-0.00015154261597425376,0.00037974713391535,0.005954260480606004,-0.00674306997724932,0.0046228864544541,-0.0049439683569106,-0.010636375848474459,-0.01473212236757983,-0.0469707283908488,-0.004603951635750701,0.00422745667291785,-0.006387884329232985,0.005593997820851591,XLY,non_spy_etf
C,3,4078,0.5461010299166258,0.4538989700833742,0.0005645470294253578,0.0017527436610784,0.011989490583941139,-0.01318118462692615,0.0097586477307582,-0.0096377248090414,-0.01975428935910551,-0.028467298678007416,-0.1054313099062541,-0.00864709555404665,0.0090030020042789,-0.01241187215078782,0.011527818161182072,XLY,non_spy_etf
C,5,4078,0.5551741049534086,0.4448258950465915,0.0013062347622149677,0.00252941053587385,0.016221408158229315,-0.017308954084850347,0.013495576442596049,-0.0128928218707548,-0.02598710202861635,-0.03699880990495039,-0.1291229864506407,-0.0112672529910814,0.0126006932639303,-0.016497491328507682,0.015595605295741841,XLY,non_spy_etf
C,10,4078,0.5789602746444336,0.42103972535556644,0.003389165076413292,0.00525913848726105,0.023043807764513483,-0.02363739950518516,0.0183486238523422,-0.016332085745613,-0.03358115729394585,-0.048114076922991376,-0.2592749449430043,-0.016420634054420548,0.0192274760729477,-0.023848733848001298,0.023226771138744544,XLY,non_spy_etf
C,20,4078,0.6321726336439432,0.3678273663560569,0.007555860767022998,0.0120238027414014,0.033136532984887355,-0.036408787884746545,0.02746400721227945,-0.0267343986047919,-0.04640535704982601,-0.07071317978703114,-0.338302058110573,-0.02293797764631295,0.0289808662229933,-0.03372802720043992,0.034788714975915305,XLY,non_spy_etf
D,1,744,0.5268817204301075,0.4731182795698925,-0.0001859080474030063,0.00057423296314835,0.005685960032041496,-0.006725033863148019,0.0045589257963818,-0.0050353777481521,-0.01020873199537762,-0.014999587413087085,-0.0469707283908488,-0.00491207794118865,0.00441019941397375,-0.006747417457510143,0.005554707715170222,XLY,non_spy_etf
D,3,744,0.532258064516129,0.46774193548387094,-0.0004748436890079331,0.00150645805373535,0.010946176663223745,-0.013471177193271568,0.00903577721303735,-0.0092840416569815,-0.01995123543726832,-0.02961732696417957,-0.1054313099062541,-0.00948390455266375,0.00891532428646445,-0.013285729554703156,0.010924683005126303,XLY,non_spy_etf
D,5,744,0.5470430107526881,0.4529569892473118,0.00027950462450940055,0.0022398325235534,0.014671141612040348,-0.01710149316161848,0.0126700204945986,-0.0121457489908863,-0.026203396085970658,-0.037072229529915034,-0.0853035143759436,-0.01197276638910815,0.0124357153330899,-0.01753822650404015,0.014876781074221579,XLY,non_spy_etf
D,10,744,0.5779569892473119,0.4220430107526882,0.002909635685410196,0.00614530325881665,0.022403239634358918,-0.023785427047226592,0.01873337522694425,-0.0177141381489317,-0.03353917791559211,-0.04927272701131937,-0.1658094538339227,-0.0175841675674976,0.019733574525726702,-0.02584947978427628,0.022950089742080303,XLY,non_spy_etf
D,20,744,0.5994623655913979,0.40053763440860213,0.00429752333103927,0.010277605869784701,0.033349892452814646,-0.039183539180074216,0.0288090875850621,-0.0298038403582584,-0.05455528265610447,-0.08086431952782822,-0.1636051922606629,-0.02711311830053595,0.0305114515445612,-0.038274892492194644,0.03597601609222349,XLY,non_spy_etf
A,1,64506,0.5060459492140266,0.4939540507859734,-0.00011552384738697031,0.0002733361160133,0.008313102489266205,-0.008750481306112437,0.0058536585363191,-0.0059861373662685,-0.01367028002177905,-0.019758138574792125,-0.1449004975164776,-0.0058712005592163,0.005448120214963751,-0.008705542028205818,0.007861640657197464,POOLED_NON_SPY,pooled_non_spy
A,3,64506,0.5346789445943013,0.4653210554056987,0.0006729865072967472,0.0015343830718155,0.015855672424077524,-0.01677273701581656,0.011508181162055799,-0.0114700611399916,-0.02506346200058955,-0.03620207794632012,-0.2524229074924835,-0.0108432008236956,0.0111554448221211,-0.01647466963349127,0.015593519048266677,POOLED_NON_SPY,pooled_non_spy
A,5,64506,0.5484761107493876,0.4515238892506123,0.0014524571388088488,0.00266231821911975,0.020713241770301427,-0.021944046337885766,0.015474327508146299,-0.0149188094969928,-0.0319990791879914,-0.046854310478865374,-0.3225287356353529,-0.014104483071287751,0.0151800440826099,-0.021628977950356537,0.02081670127007085,POOLED_NON_SPY,pooled_non_spy
A,10,64506,0.5728769416798437,0.4271230583201563,0.0033581253332580626,0.0057018019683610505,0.028792955516148962,-0.03075622987066726,0.0222227090670199,-0.020834155923658552,-0.04265676088702385,-0.06389912170704815,-0.4718061674047025,-0.020006230558275148,0.022978072302873798,-0.030691797544616255,0.03029541324567901,POOLED_NON_SPY,pooled_non_spy
A,20,64506,0.6054630577000589,0.3945369422999411,0.007216246888807527,0.011382187852254949,0.040872303244560294,-0.04443290584322704,0.0323976836960968,-0.030456852790957098,-0.0582131657648972,-0.08753851522952827,-0.5639207128585599,-0.028169014083091998,0.03481970350859225,-0.04306935743732772,0.04398944599261703,POOLED_NON_SPY,pooled_non_spy
B,1,11675,0.4947323340471092,0.5052676659528907,-0.0004308581333586683,0.0,0.008022982071531865,-0.00870842738635879,0.0058040752951192005,-0.0062663780334292,-0.014213752017357782,-0.01962361246754544,-0.10423991727436,-0.0064909127211327,0.0052714812752558,-0.008995529844620785,0.007454018540295388,POOLED_NON_SPY,pooled_non_spy
B,3,11675,0.5194004282655246,0.4805995717344754,6.496611291896449e-06,0.0009539961836992,0.015293250303177715,-0.016514422010628544,0.01115890479309575,-0.0117259552046541,-0.026023323525169936,-0.0366285672170988,-0.1437389770726133,-0.011827956986278,0.0109717868351697,-0.016739119541594658,0.015106459031983257,POOLED_NON_SPY,pooled_non_spy
B,5,11675,0.5304496788008566,0.46955032119914347,0.0007148909609593206,0.0016842105251337,0.019732019929580586,-0.020768706212092758,0.0149288010998576,-0.0147840970741238,-0.032160106458513416,-0.04571494167455434,-0.176082474231371,-0.0155564836086576,0.0149602213765336,-0.0217673851974941,0.02017749100936129,POOLED_NON_SPY,pooled_non_spy
B,10,11675,0.566423982869379,0.433576017130621,0.002890497492369607,0.0052153149394529,0.027562956399672794,-0.029341618421102538,0.0213592232980217,-0.02110467920790285,-0.04300028778212872,-0.06331427953990286,-0.3587301587265029,-0.0214964861435214,0.0229065920102238,-0.030775589262635288,0.029922840273044447,POOLED_NON_SPY,pooled_non_spy
B,20,11675,0.5975160599571735,0.40248394004282656,0.006596786118092889,0.0102553146032,0.04041482502465619,-0.0436084999879266,0.032707178365999554,-0.0308004738567104,-0.05934452026941866,-0.08828315832334065,-0.3546325878577888,-0.0302325581399361,0.0358086292923034,-0.043132232279750646,0.044817392779142644,POOLED_NON_SPY,pooled_non_spy
C,1,47600,0.5079411764705882,0.49205882352941177,-0.0001775112679577902,0.00027962254457775,0.006549222456672689,-0.007121366105038985,0.00503483042359975,-0.0051086919647049,-0.01129035398123516,-0.0160221508504443,-0.0807323666753369,-0.00507532605423035,0.0047619047655035,-0.007079149588764076,0.006298743020825335,POOLED_NON_SPY,pooled_non_spy
C,3,47600,0.5386974789915966,0.46130252100840335,0.0005977505246741382,0.00148961529774155,0.01280146234310237,-0.013653437126666456,0.0100878852913922,-0.0098295582291393,-0.020681484009072767,-0.029465044904680368,-0.2524229074924835,-0.009324544555331351,0.00977544967874195,-0.013311037329506717,0.012597515182466736,POOLED_NON_SPY,pooled_non_spy
C,5,47600,0.5538025210084033,0.4461974789915966,0.0014474262715434612,0.0026130265803285,0.017107786072151566,-0.017989587933637117,0.0138162808074302,-0.0129654255296316,-0.02692738717329227,-0.0380833109762351,-0.2835127717986202,-0.01216688563214055,0.01340171768989845,-0.017498458006291028,0.016977707863804356,POOLED_NON_SPY,pooled_non_spy
C,10,47600,0.5792226890756302,0.42077731092436976,0.00361060201368976,0.00550037936255805,0.02443682792554847,-0.02505782250155596,0.019790344773291,-0.0180152671779063,-0.035416293231013314,-0.05142096463960471,-0.4718061674047025,-0.017212843506862502,0.02038899165706505,-0.024958051191474432,0.025158095341085745,POOLED_NON_SPY,pooled_non_spy
C,20,47600,0.6183193277310924,0.38168067226890756,0.007876767592700515,0.01134979998441095,0.03525435802932763,-0.03647468780859897,0.0292218606334141,-0.026180297292758448,-0.0478017728266403,-0.06967105999708126,-0.5639207128585599,-0.02427224818582395,0.031360268391007196,-0.035167238628927955,0.03742122492076928,POOLED_NON_SPY,pooled_non_spy
D,1,8848,0.49920886075949367,0.5007911392405063,-0.0004604527877207862,0.0,0.0068393854765033315,-0.007737226792026345,0.0052279739455902,-0.005500782803582,-0.01247698545674624,-0.01752843851897549,-0.0782508630603838,-0.00569632228898965,0.00473097929096975,-0.00789239915741557,0.006392154799339053,POOLED_NON_SPY,pooled_non_spy
D,3,8848,0.5224909584086799,0.47750904159132007,-0.00021021317941286128,0.0009582611393879499,0.012912440306255804,-0.014569036153198954,0.0097982708967379,-0.0102437301321971,-0.022706047790074728,-0.03235154292968087,-0.1437389770726133,-0.010515441786415801,0.0097370193876683,-0.014694794274871444,0.012872414702969959,POOLED_NON_SPY,pooled_non_spy
D,5,8848,0.5299502712477396,0.4700497287522604,0.000103773603274988,0.0015377916000881,0.016881593614361753,-0.0188121191670991,0.0134338588068827,-0.0132802124823377,-0.02899186938420168,-0.042401104296856666,-0.1431030772560203,-0.01370007609277875,0.0133232637126716,-0.019334007389219917,0.01722794268459224,POOLED_NON_SPY,pooled_non_spy
D,10,8848,0.5613698010849909,0.43863019891500904,0.0015552063692376556,0.00428006669630995,0.02387103945541202,-0.027005149966507786,0.0190064794807689,-0.0191823899405217,-0.03992401877426765,-0.05781931672328779,-0.2152217741927203,-0.019337320863399753,0.0204190671148586,-0.028051986136878995,0.0255678890765289,POOLED_NON_SPY,pooled_non_spy
D,20,8848,0.5870253164556962,0.4129746835443038,0.004229400019181587,0.0086323395244237,0.035656409570245254,-0.0404427093426752,0.0295232408902096,-0.02885431164258545,-0.05619911768620332,-0.08321997008685728,-0.3097578518360498,-0.02822331248267615,0.031769692188347645,-0.04020681386984708,0.038557856416170586,POOLED_NON_SPY,pooled_non_spy
